b2b741a6-3273-4dd2-84da-7d6a805113fd;ne1wtua2ouggqia;01.01.1970;po8i28wye2;de7849f3-b97d-4f98-9b19-a9725e6361ac
2ad8e371-ee2c-4cef-8ba6-892d5a0dd1bc;6oqvi7vlim0udr4;01.01.1970;gtizrvohg0;4c8b497b-0fcf-404b-b953-973089ad58e6
99507527-3028-40b7-939c-3ca38cc3978d;umi75gc2k3f06vn;01.01.1970;pqbnmdorzc;242bb727-cdaa-4988-8f37-19b8e5321829
86885aba-3b7b-4b95-b228-3cdc197720ba;25tliny670x4s5r;01.01.1970;00xcgjpor7;01926e02-89c2-4df1-a5f3-ba7bf23c1597
762f40d1-39f6-4c2b-8360-0b55524622c0;lkmn7a1on5zr6zr;01.01.1970;4a1xxwqsax;89becfdc-9cb7-4b14-ad33-988fa8c438a1
2b34989d-8d25-42c2-b4f7-c7cb8db893d2;y0ov2lx7exzko3v;01.01.1970;s7igzcessn;f00fca4a-8c72-4804-80bc-66c210d6dc6c
21c7b28e-5f45-4a7c-8886-c4b48490620f;vfmj4wgk68m3z54;01.01.1970;cdyvcw3y1g;233d53e6-0bd6-4a21-be53-0a3bb1f5209f
8c267b52-6ff7-4930-bf7c-f30f8840dcc1;j0iq82mg7odusez;01.01.1970;jbtg7fgrvx;af4a2d4b-ef73-45d7-a9a2-e9f5ac2e4feb
1ad37c21-266d-4e80-9254-8b440207dc27;r70hqrke5xplv02;01.01.1970;6fuxsvfl5o;a6182937-99b5-43ab-8074-bb08ef4ac3a1
f67fc1ac-1070-47d7-b66f-b06148182a83;xv2i5qe2pjpnnq1;01.01.1970;33ptwnyqoe;7ea17370-17af-4b09-9d0e-cbcc3d4a590e
fb7b307f-310f-460f-8cf3-87ae3389d738;4ku5h8e2vgjxtfm;01.01.1970;yd40c1luue;24247652-48ac-4257-8713-5b3c89a35413
6b3b13fb-325c-4180-988c-a6df6ac5e9e4;jiuwrcad6cakls7;01.01.1970;o17yhgxvjj;b747e873-de94-4bd7-8f13-069f06ff8e05
1abbff19-ab42-422d-bc20-bcdf2c7d166e;ue1ylzw1xb560l1;01.01.1970;xvvaind64g;26030e76-136f-4563-bb3a-4a259e21e097
89558c19-646d-42eb-b9db-82001d222a59;s25jjo44wofd1c2;01.01.1970;ycnxwt0w4b;b8322c65-1942-47d6-b7b4-6f0c70152b67
9104035a-92ab-4f56-b9f2-44e243195726;gv33eb3qhi8zp3e;01.01.1970;7nzepnetv0;138174b2-4877-427e-8cad-ed557c47bd2d
c2ee8cd9-1abb-4fea-ac7a-e72edcc96bb5;rt5zyhji3udn82l;01.01.1970;yualj37ne6;7a8228d5-1e29-40ff-83a7-8e0189506101
0e4e4d63-f3bf-46f0-8eb1-5e05a46a8f37;0n5dsbyahckbqzz;01.01.1970;6srsfup2bg;2d590111-a396-414e-bd22-569eccef8472
d646ca83-6243-4308-9207-3907e004fb5c;t306w1gdoy62djg;01.01.1970;loppud47ul;8b2c066d-ebec-4c6c-b108-1cd09ed59f6a
eef8a99e-0f9a-4e94-ba43-79d40da3cd3f;zm5d64xnqqif6xd;01.01.1970;xg08wqa6by;2a1385a0-5233-4aa6-88f4-2de6f453c75e
39884067-4bb2-4d4c-a147-3b6cdc94f186;og28qkkwoemojrc;01.01.1970;n83m3z8eyu;cd6f3dd2-355d-435f-b8dd-e31c3b18a3f8
9037ccde-7b66-4faa-9040-bbe828bdc7a9;g7z0ct8lhp3w3ri;01.01.1970;8k7ntjv8ag;75c0b75c-e4a0-4006-adfe-96c8ceda48cf
db8f95d0-d4b2-4aad-b5b5-988e72953fb4;lnxh0gq82ngn6nv;01.01.1970;otb6lsez7f;3a275acf-9436-429e-a0c6-6a8247d55024
980b0c08-702b-49e7-bf8e-cfa68c4ac84d;cxjcfalj4wn3j81;01.01.1970;1jcrbzr6j1;839c0797-86c6-4548-a0fa-d7b719e17e41
a174d0ee-65ab-4654-b811-a624e656046c;c0hyzmvuw2bsrkr;01.01.1970;et1uhbb6le;8bfd3dfe-5594-448b-a903-7cffecb27e0a
001b07ba-250a-45bd-9644-230aa9cdb560;yecjigpsn3cvu4r;01.01.1970;drmz6tx6ww;f6ec8d0c-58ca-411c-9d4c-964d9848248d
8dd7c653-7a7a-470b-b41a-a4d471f3556b;rz73hyqeneiu6n2;01.01.1970;ysdfjkrllj;9809d748-6997-4e2e-9e5d-0a5fdcd98322
428ecdde-1a0a-4c6e-843e-66f0290d6e55;p1vr5b8p8h0iose;01.01.1970;40rp76jm2g;5a703235-343b-475a-baf9-fd0176027747
d319b2a2-f151-470a-81dd-d895ce1d64a4;xobwy8cgyxmkyso;01.01.1970;gti8mrnsrq;ced6b0c1-db62-4edb-983e-58486593368a
f8e7a401-3d96-438d-b4a6-488a81358ec0;y5o4bsygtm4rcc5;01.01.1970;kh4mah1uyf;c4fc3c1b-6b54-4928-b5b2-f91a8495b9bf
c81f3680-0252-4e5f-9e3b-d0aadd22648b;0ftka08qrzv65vh;01.01.1970;7j5nzjgdj3;7c3a1bc3-2bd8-4f18-a63b-87c282f71783
11eccbd5-a0d4-445a-b1b0-f0f137240fee;bpvbx6rbysiqo1q;01.01.1970;28o4dn76ew;d7c7d6b1-c08e-4c68-8e24-cef198ab37a0
031710b6-da61-4a6a-853e-3c5588c165f9;0bcxohhtrpil6x6;01.01.1970;hadco2cgrq;cb5d276e-4bb7-415b-a624-fb654008e3bf
2534a0f6-480d-44f2-8d27-c42c8c382c0e;nfzzn52jcbbq4jh;01.01.1970;lreue2th7r;375fe9a4-0036-45a5-9ad3-70beaa3b26a2
6d7a8971-f109-4e7e-8172-efcd30cf2d9d;t3u5861uwyz1npb;01.01.1970;tnqv16ifdl;8881443b-1c92-447c-bfca-2acec7b1373a
4beb146b-86a4-4446-b83f-7b54d9b76a25;n74ceah752ohi3t;01.01.1970;1z0e4yq16a;e73cedeb-b223-4b87-9eef-adaf4bc7a514
8917084f-3116-4848-a6b2-fefcd553144d;6sujz7ki5excl4z;01.01.1970;kk4po24rib;a2702ce5-4b70-48df-88eb-44972a490910
8c20fa65-f95f-4a41-96ff-5a194c6a4e3b;kf65igiehpvdyhb;01.01.1970;k4vjsh8vts;e6e7d725-1d13-403d-af94-dad5b2daa597
bb243e1e-5f4e-477e-92dc-8a3fb60b0156;adrjrv5s43na2nd;01.01.1970;lvzzgs3hux;547a57ea-870c-4cd6-9816-8460644db568
574e11a0-eba2-499a-9c4e-5d866d39e61f;ortu8n12m5rz6gm;01.01.1970;j7rpqmc36a;0b620165-bed6-425c-b5ff-027032612274
f97465f2-7a95-44e5-9eb2-998dd5f4fe77;x3ix7hjtc4xofvh;01.01.1970;8255xyvx3e;fbf7f976-33c3-4e51-8b09-a79662e05728
99246cf8-1048-4b10-9e33-3e5aa49fa6de;62t8q4ven6qi4cv;01.01.1970;bhhseoto2h;59890296-619c-4d70-8f09-9400eec17eaf
6ff52d06-7eda-4385-90dd-b5c988ae4e64;5ol6xdwab57e8s8;01.01.1970;qem5x2egwl;7b3bdc11-4b12-44ea-9a91-60d83fce1e86
9ba6d859-bd35-482b-aa7c-4f40b9032ef2;4oaxydqasq88k0f;01.01.1970;wzw4djhyjy;839f38eb-2a20-4ce5-b2e0-bda237d79a11
91c02daa-d4fb-4361-9740-72583a86d910;igqr3vym5z3hzin;01.01.1970;y2w08zxzvy;7f80530e-4c1b-4823-bf36-4c87b1ee4a1d
a8210439-3ce0-4ed9-89a6-eefda7aa7018;wyg1p6fjlra5cck;01.01.1970;5v0iljxpms;19930b0c-237c-4e53-87df-150ed666fe07
b8b81d42-8927-4019-9684-6913e9a91159;xfgc5tsn31ebe3n;01.01.1970;i4kx0jbi7f;4beb364f-6be2-4f94-ae3d-7c994897a3d4
91005490-029f-4529-b1dc-730ce6e0ccdf;4vx62f526wt0jne;01.01.1970;v5tfj5xcrx;c3baf10d-1e47-4673-a494-06ebe32cbaf9
8db8b847-0bf6-40f3-9e99-8b7fb6f138c0;tm5p0j1oxrbyxkf;01.01.1970;sdijp5otqs;57fcb952-6c08-485a-8981-e78d1034f741
b757ede8-80be-415b-b54d-94fd0c13cada;nvb7fcoizrtngc3;01.01.1970;85ygvrzfea;b7bca944-a7e1-428d-b6c0-5bcfaf619c03
a75c9a37-43c1-4399-8118-1c318a6047d5;8vn6izeekldleti;01.01.1970;p4pptmbyfv;71ad6119-a3f6-4891-9b12-c9578bcc102a
98d4172b-1873-400e-99ab-1be37d593b66;grpinzv2z7wamv5;01.01.1970;kx12mjwq6h;3c161c38-afa1-4d08-8fbe-d5ad08eb4f85
99ff5e11-77c1-4a81-9041-83b859df3b39;f22c3g63ig8cp42;01.01.1970;r4lgvkcaf5;5f22d2a7-eb44-4b83-9f36-97139c908e33
c6ba5617-877d-43c9-9269-2c62e8375852;6s8if20x2fqptw0;01.01.1970;ab7pw0nhau;fef4d911-b9fa-407f-88bc-4dcbbe2e38c5
66723778-9f74-411e-ac32-c75d7103a704;ewqubh1bjxec252;01.01.1970;kddn48efl1;a25adebe-537f-4dd8-a625-a81f567b196f
0ac09816-ccda-4d9e-b3d6-9c67f5b04945;e3735lyshnjne01;01.01.1970;frphkjjiht;fbe3a68c-d40e-4fd8-8f58-1f193a579a3d
0045b216-e069-45a3-af02-0542b95f966c;n0fmp5p0esz2xgx;01.01.1970;hzc3202dky;d0d9c581-08b2-4141-9b08-2074eabc59a1
1f2a7e41-cd16-4470-b543-e27f4d42a875;lvpvlfb0ao623jp;01.01.1970;153o70ey8s;62bf70ca-2539-4c77-90a8-fa8c9cb89fb9
df8e3305-20a5-4c53-9d2e-d72c587322d1;bg7uvymqsxxwk67;01.01.1970;2pa624pglh;78c034e5-e113-4cb4-a59f-798734c51498
a18ef3e9-ce18-403f-adb0-71564ca2ab67;ydcvsnhik1lfpqb;01.01.1970;mamwdzdf21;29f70416-a1b9-4be9-80a5-e74993a775db
e27f24cb-b295-427e-a13a-36aaf297d721;rmk5n865x735l7q;01.01.1970;8gp5aquutg;1fbedb5d-d9be-4049-af82-9aa658eaf1e4
16ad36c5-bf7d-4771-affc-796cffe6137a;arqmreliuqkaduh;01.01.1970;ungvfh6ylh;64ae9e83-b45a-45d3-83b5-ae0830ffd79d
e67a2489-6305-425f-bc0e-63892c58ec69;7ueh7ytec7bmet7;01.01.1970;0k6sliv4mo;dc1964e8-8c44-4c90-8d0f-603ef763b689
db2d89a7-b73f-44d5-8597-129dd16f99db;3cfrdtg2ja66lva;01.01.1970;382rshc350;3e20fa79-95e1-4020-ac3f-2179cab6301e
a61e1e14-1429-4382-a86c-fadfb3232b86;17yeemn7osgycse;01.01.1970;0gz6sw4t2f;8e8dbdc4-233c-443c-b094-a584738d6e9a
af91dbf1-cc59-438c-905b-c9fd3de00b46;bhpmdgr42r83zgx;01.01.1970;izm3gj36yp;4575cd72-9ef9-4e5e-8083-c68766501655
63cfd043-c12a-4eeb-a8a6-57c492514393;aj0mlh2al78wvwr;01.01.1970;stol43v4qy;f59c9aea-6b07-4c9c-b18b-d840f869b60f
eb99ec55-bcba-4ba5-a052-28b54ef79806;n2sqdyjdndu6ha7;01.01.1970;bdslryyhib;5086d03d-48a4-4a5e-9a7c-f77e16b0c4e4
29b9ae8e-2d30-491b-8643-7fb9882607bd;pa6wt5ezsm1g8bc;01.01.1970;2gvyqes5di;0036c882-e92d-417a-86b0-bbee2b0168d0
6e625b2d-b0e9-4994-8d5a-4dfbc45f3249;rcejx2v5cogv0lk;01.01.1970;k5m6jf3ykh;81c61870-515f-4344-b9af-f9ea7a4443eb
124f23c8-5132-4d5c-a944-8bd476bcb98f;jobfqme28fc4pc8;01.01.1970;8ko4lgef5a;ba931173-57df-44ae-afdb-6332bba798e0
39cd2fd2-4693-45ab-9fb4-747518e6b5c8;8kjdrj117oas7wv;01.01.1970;r3brk6xrmp;b6a386e0-11ec-4ef4-8feb-0d08a6e6e2d2
9e4c3510-ba03-4408-ab1c-03788d19e0de;k5ky0wtqqsal5zi;01.01.1970;w1tmn771dc;e2bedca1-69b7-4dd7-b9d8-c92f694e7e0c
863ce95c-049e-4bef-acf0-9fbef92824d8;fhkrtmyz0t6chs2;01.01.1970;1qnpdd4j0u;3beb9ea0-ec17-47c8-b33a-9f5af086129f
0e261e76-9b83-42a8-bb21-eefb77ec06c6;m6h0b0jaui7i34a;01.01.1970;87pwqcmghv;5cc0e7a3-97af-4ae2-a47e-aa0c2102c04d
df9055eb-4d80-4f61-80e5-7b4e74643841;7kgavf0tj4g7atq;01.01.1970;ksx4yczikt;d09b0699-a037-4574-aa19-dccb1aef62fa
753db1fb-daf8-4cfe-a2e6-30586cbe4ceb;6581sr3iuk6a63h;01.01.1970;wn876g6i1f;eab62413-e759-4b5d-aba6-9d7a89328389
addd2dea-96a8-4065-8730-cbd70808686b;c3jp060xutu2usu;01.01.1970;gp2sl021dr;9db6166c-5ab6-4ff4-b787-23768b382b7b
0bd47f74-a1ef-4087-8a2e-043a3108e358;ui6mo1scpu6qcje;01.01.1970;s8uamjsmlm;ea9500bb-ab1f-4299-80fa-2f74b2c36c9e
d343e158-971c-4dee-a2c7-6e3ffed5bc5a;7gl8bd5kotrczbz;01.01.1970;3se3gsf3gl;f13a0c21-c809-44a8-b8a8-fab763bb2545
c6f9e397-efd4-4d7d-93c4-3cab761af0a7;g6a42ja3mfv7oxf;01.01.1970;z5u1nod5qi;c34345e8-6399-4575-96e2-982c07cd1829
9796eee1-3df2-48b3-81ce-eb93a9bcaff1;o4jz7c1iwnfdi7y;01.01.1970;x0pn3ch608;67c2d56f-9036-4c69-a6f0-2001d612f05d
f62c2d22-78af-4bda-8dad-fdcdb1c40e6e;qxi6l045q714ntf;01.01.1970;ntu12epxge;557d3b79-dcc5-45a1-a857-cf43de724a68
d4a49860-df74-4c39-9d8c-d79e52de8cfb;foy2g8kogimmkzy;01.01.1970;7qcl6qgya2;e23e9eff-c088-48f8-9fc4-8e8fb8d3e0b7
25c75908-79fc-4974-9a82-fed2cee9a33e;2c5krqoacxsifcu;01.01.1970;p3artiokrj;815a00b0-db2d-4627-adcf-29630ed5c9f2
0ad64940-53ee-4e18-a52d-5ac45bcfed76;i50tevp0cgtep1p;01.01.1970;dnqr0bscux;7076b809-6d66-4c35-a1d1-b0cc73316ff6
f4b6ed2b-faf1-4298-adb3-1da4923cf604;r4mfy3ga0lkqe0p;01.01.1970;bcrdf3mogw;467545f9-9619-4220-8219-b530324641ff
02cf5c2b-04db-4086-a5f2-51c4ede23f05;xiokjr8r8pl4xp3;01.01.1970;eon2m8o3pq;b5547cdb-6b91-4296-a789-15470de908b0
0994b2d6-bfe8-4f08-9022-bcd23677587c;0ze1ydjo6fh4ylb;01.01.1970;jdmuwba1d4;d74ce2f9-e94d-419a-809f-9539ef04cedb
634ae9a5-521d-4c67-abaf-f0c7fecfa958;rt8ks4y5qwprxbe;01.01.1970;3lhbapreoo;9b2fc836-6e61-4f6e-80a6-1723b0d4e72f
a8157d5f-af46-4763-b440-0792208073b5;knesc1hxbwcbff0;01.01.1970;xdr0i6x3cv;0c8f5300-291b-4278-82ca-6b3331199908
142580dc-3fd1-4b71-9263-df30f7c2dba3;ym1lnpd20oekwzv;01.01.1970;8hgfksgmg2;7a7c1a9d-b403-487f-94d6-cc06b95ea505
297a7daa-0b5c-4925-a6ca-3ae130e3ec37;tdpqd4zl4sm6wpq;01.01.1970;me0tk8raka;0b4e97a2-03c2-48e8-987d-08893d7dd650
d0fe2aff-d7f7-4977-bb6b-55e39125c6d5;mx8pxhzwspuoz23;01.01.1970;jjp8osiken;4f27099a-0f31-4eeb-add3-884b6c7c2c37
f7a588d7-dede-492a-b284-6b2628aa7f54;gyr804bjsz1ta6m;01.01.1970;37lipa87iu;04ad5a3d-b709-4de2-8fae-8754edb4a020
c1149def-0449-45c2-ab87-c02a191ac752;goydd7iv1ivn8pl;01.01.1970;z07sguhjs1;e7653290-9adb-4dcb-a813-0019e03e0e12
39a30b6d-fbe8-4903-83f6-f9dbe957373f;j7i0gjou6igcs2x;01.01.1970;r6nh8zzgpa;0415cad9-978a-459f-b6bc-fff269af25e3
72c0989c-e84b-441c-99b8-72caa12b7834;waksn1s2zogptdx;01.01.1970;0qir11ic3w;b1ca3ba9-f61f-4963-9f25-6b925556e074
a9afa909-30da-4909-a1f3-6fc0c61d963b;n4rybm1fqj1ugmv;01.01.1970;5u218ca4v8;2f3d59ae-5ae3-4154-92d8-44189dd8fe34
34ce3f75-63b6-4538-afdc-4c45697b7a70;e7y7ti7bivavbpx;01.01.1970;gw2xo0d1oc;77b3c71d-1d35-4b53-9fce-d90c48da2133
9ed0ffaa-009f-40e5-8cbe-c87b863baff3;213rqrgh4czeqqv;01.01.1970;s27nfovqkb;909d8235-96af-4591-bed6-24611fa7e6cf
6981b0f5-5ad4-4ebd-807c-4dde7ac9411e;sk0chk083wzts6y;01.01.1970;u2yaafnh2n;746fcdef-3736-4fb8-82d6-1450baf73f58
17848a96-891a-407f-b7e7-ad7c882d81b1;wk4dgeg5x4yyh08;01.01.1970;sg6vv60jt1;3e8313fc-8ee6-44a3-8be9-f9771fa359b8
9e9cf272-ed69-4264-8612-5c6c9eec63a9;g7j8i4ei4u2atsh;01.01.1970;1aou6c5tsp;c131ef81-4b98-439d-95d2-3e055016579f
0a6ee556-ab36-4f51-b625-da961580ca67;68uib2hmmsu37i2;01.01.1970;rz7hp13h8i;cbae1dcb-99d8-4106-ac5c-bdf9314f3041
3fac89bf-e694-4701-ad31-3e19f8950cb9;pya4lhr6zzsoaqm;01.01.1970;p5xza66hr1;89a72594-2e0b-49a1-9e5e-88662ace8faf
7498c26a-a2fd-4fbe-802a-ccbcf5bc8a65;rc35fsrli1fbhni;01.01.1970;owcisujw7z;8235af63-2259-40f3-a114-82137c81bb05
aa0c417e-33db-46db-a8d6-429d05fc0c46;rvaijm7q0hr8oxm;01.01.1970;3l2sagati1;eb6f13c2-7631-4b4d-b8c1-fddd003f6bd2
7207a6ea-628e-40eb-aecb-2a2d919dd380;t6prpc7wmtyf3vh;01.01.1970;6mucfbmvpg;ab8f31a0-f768-4e1e-b289-33f4c0a2528d
e7c8ca2c-8066-49af-af94-cda5d9ffcce6;ym46grqqfzg2yq4;01.01.1970;mcunynnf1f;243246ce-3e62-432f-8d26-d5be2ddcc1d3
0a2240ad-f3c8-47b8-8441-33ff5286f812;j7okfnb1yqi5uvr;01.01.1970;zqtixqfosh;1ac992c3-9fb9-4cdc-b4ed-d4ce3f15eb21
b8502961-7579-40a9-8dc8-8669ed064398;o0uywdw0jocuvx1;01.01.1970;qfucjtrm85;b8829d84-bfa2-45ef-832b-a81180ba57bb
2b879b59-d3da-4702-a3b6-210e3e458369;5ik655he36i4fka;01.01.1970;3e2b4kxi6c;d5062d46-bc8b-4355-89fc-7f460c79e89d
94cae8dd-11cc-4709-aa86-fee2ca905724;e58oxrgvl1itgdq;01.01.1970;h08ixwjn0j;4f1b4253-febc-4374-b066-30dc7552f598
a1e34c42-80bd-43c8-a9f0-579028ce4323;vpyrkf6et78pl4m;01.01.1970;dy0lwro6f2;fc377718-dfa1-4ccd-b5a4-026423487160
4d602abd-30c2-4162-8003-4a686bfde31f;ehy3eo8wmvv2kpj;01.01.1970;d026apqzii;12946e9f-b15b-46cf-8d6c-ba23f63cc60b
5093d07c-b6b1-4dea-b03d-e161de3adac1;d42nsa4gu26fex3;01.01.1970;cx4dvf6ggm;8b96b07a-1067-454f-a868-34517781e508
49a95929-65b2-4d4c-b794-9cb541725cfc;4ouccjtsd1qbbgy;01.01.1970;5rfz2vuwq7;afed357f-17dd-464d-a8c5-53befdb0e521
6d545b42-b735-4ac8-9e80-946b864d0be0;lvdlqmeljzpg1jd;01.01.1970;1f4a2pwu6n;9db394be-bc5f-4592-ae57-ac15393efb19
e1f834c3-15b9-448e-9ef0-ff397277b179;47fe1qs8tkot6oc;01.01.1970;rzwa78gk7e;7dfdbebf-9e86-484b-8b68-17be983d6311
8406aed7-65c6-469c-b7c6-f7f9542ca06b;pqr0z0u8zd0wtxj;01.01.1970;t35eypbs22;b8536957-f69f-4cf8-ae12-3177f8b72a7e
8a423739-5bd3-4f4c-9906-ac8f4e78814a;wqsa3xkushjhit5;01.01.1970;y0luubnszp;b81f664b-4c4c-4b9f-90c9-18024180d0c2
2ce39b9c-e22e-4032-8b49-ef03490df64e;2pzj1lk6rwnpns5;01.01.1970;xc5gja5uww;da3443ea-d910-42c1-8c36-9913947cd5ce
0ca87d7a-464f-4b7e-bd18-a04582ffa773;14zkcp85mih05pa;01.01.1970;tu26d1bpgd;7f4437ab-f868-4971-bb4b-f3cd5c49348c
4fd2b40f-0d25-44ed-a5ef-5564cf715c37;1xttui3uzgdqnpc;01.01.1970;gjiwld3k6h;66ceb704-5d24-406b-9d22-6fa965e48416
880ab118-99fa-4b2c-88cd-91dba38667c7;58doysoagnioyur;01.01.1970;m0br3q2ftw;bd88cbb8-10aa-427f-96e8-569d9e4935b6
44416b88-887a-42d2-bcb7-74f2361e8b3f;yygl2jfqquoorc4;01.01.1970;5b5ow4q8gv;cb811817-5436-4c9c-accc-0cdfc2962686
bc7b3785-24c2-4454-bff3-3dffa11cf19c;0a0w0q20opyvn41;01.01.1970;1a827jojzl;1b742adc-2a3b-4348-8dae-63fd48a02c6a
90fb5d73-b50d-42a0-bc97-f14af3fd5690;rvk4f1krq0fj5ca;01.01.1970;688zhpjujo;02dc2b88-cda0-4836-88ff-44e6dfe0c1c3
fec1eba2-e6e6-4c2a-aaf8-5e869865e88e;z8isp1ajq4nio31;01.01.1970;lw264hpbwc;b18ffc62-f0e1-464b-8126-5f83db7af75a
9c95d6f2-f6ec-4581-b8ab-14de7f5f4f28;uhywmqlichbhvqv;01.01.1970;87izncw8fq;bc8f7265-1c9a-4aef-8fb8-a8cd8a0d2deb
2a999bf0-48e7-4ec7-bef7-28e2d80d8de0;4gvw6xplc1zd1qv;01.01.1970;ylvcbkb3ma;76f75806-c969-4f9d-85e9-80f83eb83bec
b58fada7-b91c-46d4-9b85-6dca495a5023;xzkrmrv06g1e425;01.01.1970;wlb00kc7vk;fdf6aa0b-ac30-4d63-aaf2-b27214729ab7
0b68e957-9e3d-4e46-97a5-ac59331d549e;34jsdfp7mrmvcml;01.01.1970;f06012lqwe;b3050e2a-84d2-4cf8-9501-cbe92d764c70
f78a8ce9-36d9-4a59-9ca8-c335f123e2f2;m11d138gx4mcma7;01.01.1970;k7f3yfb0wy;260eea40-307c-434a-bb82-4d758b96aba8
de198742-6897-44b5-9257-e9c1533eff88;xakmnego34qg5op;01.01.1970;5d8r0ibzuf;1147b169-40e2-4a72-a48a-37e8ad7965eb
278c7ae0-602f-4629-aa16-d9a638cb7048;ylc7xj81evr84yk;01.01.1970;8rlo8lhuoj;8605f7f4-55f8-4841-9cc0-68e8775ef43b
b23af10d-34c9-4487-8b93-212e993ae9d8;388tfaw3ruf1c3k;01.01.1970;b145dco2l2;b45011ee-808f-4b69-b152-00ba15067b7a
489fc053-09d6-4154-9ca9-dba58835555d;ml77j2kjrtknn7w;01.01.1970;rije5doaxc;cdc5d233-75e8-4755-a9bb-757cba83231e
5329e57f-26d5-483e-a967-0a7e1d8e6abc;ss7uwa11jdc6hsg;01.01.1970;57po7hekmq;eb8de880-8fb5-4cbe-b280-88f8128be461
935b8452-6fd8-441a-b60a-a1ef89dda5e6;73nhrltzph8mf0z;01.01.1970;s5jwigo5j2;a45f3822-4314-46d7-95bc-fa7db149b67f
6d492c43-3426-4348-b032-415bf9ed6178;ngzj2igufqfjyvn;01.01.1970;p08gz27j85;b6559c92-714a-444e-9c29-571f7ede4fbb
a0789564-318c-46f3-8ca2-8c2c69a83d80;q5i2xij7rvx7ohp;01.01.1970;6i8eebld7i;dc08caa5-b677-4ab6-a60c-6de121720a38
c130e2fe-89ee-4fdf-aa66-7252d767263b;w384o0fz5vvc4cl;01.01.1970;b0dzynaaui;feaae4ec-584b-46ae-8e35-cf593d6ed6c1
114214db-d033-4816-8e6b-59947ad144bd;punnr5p7rw08npg;01.01.1970;uzrm2mvyym;a001a8cf-811f-41d4-829b-c2f85cc05da4
b7409a46-ef8a-4c55-ad69-2e790dfd1680;wr23phv2log2izi;01.01.1970;c0xg72mzy3;ca6d76e0-a9f3-40c4-8158-592b8e90b6e1
9a1fb31b-ef2e-4d24-9e88-c32b45a12e1b;jvbms51kjdqmhy7;01.01.1970;5p4wihms6x;089653b1-d042-419a-9751-38fbd0d2df47
7682f7fb-a079-4533-a53f-670b574a2382;zd4jj3hd6b0nwit;01.01.1970;04v8txftr7;ebe3de1e-eb4a-428d-b953-f24b0c75e888
d6349fbb-abf5-43ac-99bc-775e5de1e1ea;d8tr583ojawmc6l;01.01.1970;n7szia5103;1527222f-efeb-4a82-b847-f68aa8b1dad6
fb6fd676-f337-4fc5-8cef-beb8ed23578d;4abdlt4wjix1l5v;01.01.1970;un5ut2jbtr;84e3d3aa-e72e-4df0-9ef6-16850f8fb0e0
afb53e40-96eb-4b9c-a4d5-51fa964fbb5e;ujsczki3rhzj3ha;01.01.1970;2sghz8nrcr;62e39aea-579c-42e2-8252-2431b3fc05d8
f8dc158f-e6ac-4423-908a-56ae05a8cdda;32xxsoru55edyo1;01.01.1970;ozluoi8jvb;5ef47ea1-c6d6-4d86-862d-d95981ecb5a9
9f94b27d-0368-4153-ad58-91617f85a7b4;wp226qoexkadg8j;01.01.1970;kx14eyyzft;357994ed-a111-4f26-8ef4-fdedefcc9b89
47f0fc58-d957-4109-99e1-9150391d02e7;crkgcr4piyaufo1;01.01.1970;4o0wk7m505;6d21cc39-f0d0-43cc-8677-0f8a34f01bfc
04d56c52-74fb-4685-91cc-6de788021d81;f1uiek4m0q6ogcz;01.01.1970;fbi3wh2p3z;cd47ce29-5860-461c-8d4c-3db0753af77c
7e83ebef-9bd6-46b1-a42d-855488579021;7nno3tdt7qgdgr2;01.01.1970;otnozgvwc2;7af1d9c2-e262-407c-9415-f4445c6c09c2
b8ef0deb-6a54-4b09-a1c5-3148075e71e4;jkpjsqmjgp00z7z;01.01.1970;5l18j0rrq5;cca6f5c7-78f0-4442-b6eb-02903f771a25
3232347e-e51c-4918-a0d5-46362904f4c9;givkamsiow7y1qt;01.01.1970;b5ufqhq64j;f6caf029-d3bc-4b4d-9c3a-9ca17759a6e7
500a76b3-02a9-49a5-82a0-8184ce4ea2fc;n60vblvym40kdl7;01.01.1970;7o4jwyqb8h;f19a9619-38bf-475a-b218-04fd9ca880bd
deb35e7e-33c6-4ffd-9fe4-5caccf7dc0c9;6la8cw6nptt5zcf;01.01.1970;r1icvxg5nb;a9477ef8-dd2d-49f7-a881-8c2df923d451
7993e524-321c-4e5d-8349-4ce6f58ef331;h3cxfj2l6g6bbbq;01.01.1970;ticajk48au;5a8dc264-40f6-4b0b-aa0f-e3969c44a54b
2f294728-23e7-4a62-8eda-92ff2257cefa;eiham3amzwucvmi;01.01.1970;xtc4xe3qxm;687dcadb-c9cc-46d0-a622-835f11c14e82
ec01adb7-3c27-4268-908f-f6d18854967e;iekxxbeko20lt23;01.01.1970;30k62m50he;c748f2f2-430c-4c21-85de-62754dd2f31c
83a4e085-b7ad-4033-b2f3-1ce0323d7cf5;6qaa5zndds1jvc7;01.01.1970;g7r5nbmxg8;e88bb572-bf37-4b9a-90fc-deb527a50f8c
b41f7f15-c897-4d91-a22c-0626909139e5;xuixfwrpkjes12z;01.01.1970;1pj77koqvj;0a46b2b7-a832-46f8-8be5-2d3821c95e96
d085bd04-d740-49e3-8d1f-c10584df65ff;8msoodhjcl228qu;01.01.1970;fgh8tdqxj6;bb053987-0f33-4c50-a40e-fdd7bc09fc76
1ee34f5b-3e62-468d-b40d-604157eaedb5;dr8w1vprbdfxpmp;01.01.1970;ligg81x38s;d9f85885-2d22-493b-a7d3-261463a74c29
cb70a4a2-3b59-4d52-bf07-d62b3b2f4b27;vaib4kq2d5sfc4d;01.01.1970;cbngtav3yu;04e7e6a8-643b-4af1-88b5-93fb20841ddf
980548ca-7972-4fe2-b688-0cd70adbaf44;00v38lk4qu4po64;01.01.1970;3s1ihkyoh5;7e8080bc-5bee-4e03-96c3-6fc8eb86057a
cf38aeb8-2333-457e-9042-5bc4a58e3bae;gwseorx85u1mnyo;01.01.1970;cm04foojlh;c0a4c903-b998-4c86-9a09-251d2acca767
f9d706aa-8ec7-4eb9-bff0-ca63c0c0f33e;uf654gktul5kear;01.01.1970;tarm4o5knz;78a56ef3-c6da-4d37-b833-504e7b73caf2
ebc85e51-1828-4cb5-97f8-541a199ba1ce;r26vyad7fuyfjf8;01.01.1970;dfjyudk3gw;4f91f849-20e7-45c3-80d7-0b5d2953f15e
49bda98a-bbd0-413b-bb86-61299d7196b7;uiqf0wxjuvfrv4u;01.01.1970;nrk0vingk4;edbb2f23-06be-44e9-8929-5affe2b28ef3
5677c362-005c-4483-b294-7b9e3420985d;wzcjhldeyhcgx8p;01.01.1970;vzz8bay3b2;6de39bff-3ab1-4aa6-a9af-0ad8f81a07af
17137265-fc8e-42b7-bae3-4ef7e548eb89;83das2yfdpoh0ar;01.01.1970;ih5bc4lfb4;30368c32-d7d6-4ded-9595-f7411bd9faf6
d8c9a3cc-cdec-422b-944b-7d1f8dc53ea9;1857kzlerq7ss7s;01.01.1970;f7v2d6elm2;7f4a660d-2c90-4651-8450-20391d2979bb
a769969c-9edc-41db-8c1c-3a2d4e2ea608;ny4mtd8t7mep7ry;01.01.1970;7yuheilqap;24119a97-872e-4cea-993d-3ed11f2a064c
0e4674ce-c456-4f1b-92f9-c6497e96ea00;qdgpstwi1lzmr8k;01.01.1970;x6r5nedvx6;90ee9a46-2575-4167-8f78-bc32a28a75f2
df5c6511-6bdc-409a-96cb-3da1bd139c03;lln0f1coicyl0ss;01.01.1970;icryelheqw;6514295a-fcc7-478a-834a-e21a241416d5
8e6ad7de-5f17-46ba-86fb-e30ebf1ad433;y253qirdtv1insv;01.01.1970;e63rgh7jb3;27139dbb-607f-45d4-87ce-eebf220485e3
fb56067d-3857-44cd-9f33-29ceaa6e047f;mzjdid6x10empd5;01.01.1970;0bmmxn2cc1;1915878e-895a-4552-851a-0918973ebde2
3cf8193d-e30f-4687-9278-fe99246626e4;5f3izoig4vpzdys;01.01.1970;pht38lk5z5;edc3dd15-ba00-4344-b751-7d9682155e89
c460e72f-2cc4-42b5-9f47-68e06cbb21dd;e5pdf2seitixc2b;01.01.1970;dv5iyek3zz;df935c38-a946-4d52-b5db-6d96b6a6ecbe
fb746720-e858-4d4f-9996-05633e8f2f68;rijzzfyijrf8zhu;01.01.1970;2ymiymw8jd;95391811-5876-4698-b07c-617f78b79d4d
2b34f721-7165-48f3-9f56-37a8096f807b;ctbla33ko4zi2hp;01.01.1970;ufzsswoxi6;e576acb3-e4d1-497a-b026-09e84a2ade49
2ed63247-84fa-49ae-a491-1ae37f4b3213;8swxn84yiom0mxz;01.01.1970;jy2zlxi66c;65a07a66-3bf3-49e5-9c5e-b36e308be5ce
a2c5bb80-ded5-4aeb-88a7-b84d9414c70a;cogcfe5pujar1lt;01.01.1970;pfs32m00cq;034f8fd4-2c9a-4083-9f35-e63fd2af0342
5bd1aa98-9f3d-42a3-914f-443695bda88b;ud85pjjhe22skmn;01.01.1970;6euzbm1boo;311bbf20-2f9f-4291-8e53-f5a4b6597945
5a37e4ea-30b1-46a4-a51e-ffecb8f2dc0e;1xx65ua0ijblrun;01.01.1970;jhbbsuisqh;667fb91e-bc78-4561-a5c3-1bf128736a83
568f2a1d-f70c-474a-add0-f39ed63bd90a;2czjpljske00tpw;01.01.1970;sgxp3062dt;ea140851-cd4e-4fda-b548-f4df102a1f12
6ce9c684-0c8f-44db-9e0e-d023920e88e4;lmm3kq42k2m4obv;01.01.1970;rwiqs1fbfy;4c47d8d7-6e43-4c19-bb7f-ed93ab9cf354
03d8abec-f629-4843-b860-507378601402;htw4qxmyznetjpo;01.01.1970;b1t31ukxps;e1743422-77c0-4a98-b795-04108b292326
6119871b-1ace-4807-85dc-f81f93429012;b7d87shawq6cokj;01.01.1970;31xl2orcc0;aa2963f3-fc65-4f24-8966-f7a30ae73c9b
550b320e-571c-432e-a331-03d6326d7961;mzzjwp8tr5kpggu;01.01.1970;wmqlq06le7;8fca25bc-b55f-42e5-aef7-87eb5bab43b9
e8e28e12-0752-49a1-913f-123bf76435c5;q5amzus2wq873rz;01.01.1970;dfhnfpcnls;90ae167d-da22-4b52-b3e0-00f9aa8b1bdc
d4c2d3f1-3f75-4708-8c0e-dd9713f90a07;1wokeu6nrlb1por;01.01.1970;phe5mkgjxj;4c9d9c27-9a36-4547-b4ff-5bf4b1c37b95
caf1d58d-a3fc-43a0-bd3c-4d165cb146e5;vwl42h4axm8czuh;01.01.1970;5zkezqko27;37e4c1a7-bc6e-46b7-b2b8-24789fb942b5
b74891ed-3d7f-4dd5-ba84-db54f480a80a;rpg7dsirgbaogif;01.01.1970;2lpvrovvb8;c6af18ce-8746-4e9a-a196-adf8e70905ff
062b6361-1cde-4058-9f22-373515233615;lfxra2rckualeix;01.01.1970;snl0x5smlc;498abf9d-e781-488e-a0e2-a7623fc7eabb
6982e644-0fa0-4d78-8d47-80763eac4cf4;t566zwme78qvocf;01.01.1970;bs2uslxe4k;5b4d48c9-0c2a-4236-bbf8-11d39ea99f8d
dc032daa-2bb8-48d6-9344-ef235627bd8a;mzv8kk2613lj88x;01.01.1970;h1q74s402f;29528c1f-87f5-42af-a68f-da50b75d08ee
e113d706-2c36-4ae4-bf45-ee3af5b26169;vzhrsrvetdh4pnz;01.01.1970;0v3m08cmea;add2103d-a092-4336-bf39-915dd8146e23
b4fc2ad3-8aff-4965-bf6d-aad9feb5fe98;1oe2pbjjjpjz4iv;01.01.1970;b0p53e414g;56002263-438f-40b0-83e3-0a8655d01834
220c4926-4f1a-4a7d-864f-2f1bcc970527;x2z1p8q7k5n2xl8;01.01.1970;8id70d3hid;af5b4682-4b53-4acc-8eee-5957acd3b60d
ff6bc7f9-ad02-47f3-8356-4fc6b00a43ae;wqkcngom4l4b1sx;01.01.1970;sfn8p7xfq3;9e0457f7-a5fb-4db7-9071-7d4f124cc025
893cd5d2-b6ba-439d-a40f-d6c164cabbc2;p87eb7uijn55doh;01.01.1970;id5l3m5qi1;12c859f9-d623-4950-aaaa-ea224c9eecdb
ccde39bc-cd06-42ab-b33e-9b499bc1b5d6;sbkxasaf6f84czc;01.01.1970;gv3sgikxry;b8519a8c-93a7-4c69-8df4-9d1e2ca9017a
4295916f-cba7-45c4-894f-5dd09f0c4442;25skxzj6jvrio6f;01.01.1970;mm4gyoeeme;80f6ca0b-2516-4343-8b80-785f12c876a1
54021cb0-4c1a-42df-b899-8b005b7e1c9e;uhej1robu4spgfo;01.01.1970;7b6mi0oa5u;c1909ff5-0071-429b-984f-46596cfd6ac0
318422dc-6ef4-4c20-852d-35619ee65efd;p22sq3v1o8inpyw;01.01.1970;vtd24pz5xh;66df0f44-c904-46e8-ba8c-5865b6ff4448
4a6447ca-7dd8-4c06-801d-24bd7af68eba;buniq0lrz4tcngq;01.01.1970;e0xf83nbiw;3615fd65-f724-4cc1-9bb6-8d543eff7d9b
a567b165-bda0-45de-9720-1575bdbd067c;ps5ckgi7lkroup3;01.01.1970;6ar3b2tgjr;8dcda540-90b2-487c-8d9b-8e80094ba369
a20a3a5b-4a2f-4dca-a010-5ab2ef0f3de3;wthjrp3s1htaw6i;01.01.1970;cvydxhc8j3;167b1416-ebf8-479e-ab84-c04a21d8d0ba
20149d68-9216-4160-8515-d03bb0e4908a;nd0pxacso2407up;01.01.1970;ciuhpicnjw;f5e6523a-6bdb-414e-bbd3-93fa17c86c67
8fa3b1e8-e6f1-4a02-bb88-c762ca7e5fdd;ual3euj5qfpnxgb;01.01.1970;uvu2rbizik;b093c01f-9e9e-450e-a8bf-128eb4eb9a2e
d47dd029-fdfd-4d52-943a-82c191d79aba;7qa6ywbxtlw3st4;01.01.1970;zn4a3hlyos;ff854e91-6635-4b61-9765-367edc1601ad
6ef03017-9984-4a04-b316-6244a24ea3c7;gmfhpqgv6qar8cr;01.01.1970;ovd5vm6wkn;c6c64ea7-92ae-4357-9aa9-432044c06a24
5cb20b04-5edf-48fd-bd9d-03167b9850f1;tzky8007ql82ohu;01.01.1970;u5nmmpyzda;75d1ce3c-0357-4885-b1c4-31004d5194cc
e0868c2a-0181-4aab-b890-8f2ef0b9bfd8;7mpdbtw0evxlyyg;01.01.1970;uxb0zei6vd;015dac89-dfff-4f02-8407-fb42a1566267
0455b954-fa6b-44b5-8bcb-bac18185e898;fwaxtfz43o6cqzo;01.01.1970;pq07kgy7k2;147fa116-1046-4017-8cce-6649f3b645e2
754c1ead-ebf7-49c6-ad53-53f575c688bb;15lpvewcnc6j0k5;01.01.1970;aqmg40fpjp;be3c4af2-60db-4bf8-ba99-7d442965eef3
c5b9abf5-d2c4-4080-b20c-3b62e661e3b7;rn3tdjjfrwdekhu;01.01.1970;kpea5hrrjs;25ff53e0-bf82-4bf4-8c4e-9520b2d29a82
e6b78d08-e1ea-4837-b102-e490e08aa596;0y2wnuxm5xhkp36;01.01.1970;t0w83qa871;0c380e60-5c1e-4aa9-8b29-78e5f9305931
9c61ab90-2ace-4572-b8da-12c1f1c9a445;sqdcjttamr33ybc;01.01.1970;lbbowr4zjq;be3c7864-e418-4c2e-aeb7-9010df4064c4
e59f7bdf-7dfd-4fcf-b468-91a42629a627;zyhs07d6npibe6q;01.01.1970;c53k0bep1k;b806cf81-cc26-43ef-970c-cc71f70c82ea
8b9c518d-bfef-4dcb-94c2-e797f98420cd;fxllsviinuhg4s3;01.01.1970;m6xmaiekat;abda9ae4-9240-47d2-ba61-a2570a17bd7b
5dde4b20-85d2-48cb-b9d7-296bedc12e92;cclv1sst5okfsaj;01.01.1970;mu0x5uacg6;47835aa6-9368-4f76-a951-2b6154696c60
e31d9121-da4d-4e76-b5c0-6580f7695163;xbjgkzcfteyeb24;01.01.1970;kefxhyae3o;2b0ddc16-b835-4d49-9950-099f3efe6d4d
d0685053-7e68-464a-bb12-b74999f2f77c;2pn2hza5gpqihj1;01.01.1970;zbbw6y5i05;e86819ee-f313-4513-af98-98c26fb4d781
cd8b8cf0-872b-46aa-b660-f1306da41fa2;jmlig4t1iu7jwa6;01.01.1970;onup82hj8u;007b5b7d-69ff-4dce-9e13-e64ba0ed923d
702f69f4-518f-48c5-a4fd-c60698d027bb;li1365dmmky2b6l;01.01.1970;rjdombncjv;6f19a1f0-7f3f-4f03-8a12-0bb94f8fe046
471968dc-c5bd-41c1-83e1-9532cea915b8;sr2qaj3xsyvy78a;01.01.1970;1nvvcml3xn;3de2125a-934a-42ac-934e-90d46d6c0886
9ace1716-766b-427b-9c4d-ff46b3549f10;zcs2ge1q020axv7;01.01.1970;3jmwsrt4t6;c82e60f9-62f8-44c6-a10b-8d84b1d50ca3
00e6f9ed-3295-486b-9a4f-f3887d2bf46a;bwa5n547544nken;01.01.1970;k3pgw0sgha;3d5bd493-a32a-47e2-99dc-55969ebd0cbc
de6a4ece-4f6b-40b0-a410-bc28eebab588;pvjy18a63wsiw6o;01.01.1970;j3x6lx2qcj;92564615-f702-450a-bb68-83634fc1ec8e
00689077-d19c-4df8-a693-193747c482f8;o5kualogp5davv8;01.01.1970;cfpdenxikb;8dfe0780-3777-4bb2-af06-7e71b7774a1b
a80307a2-64b8-4d6a-b091-23c9bea1b62e;kw3ks8r1rjt27um;01.01.1970;wc7iip2h6t;64eba424-e5ed-4fdc-9d4d-63acd446439f
08668a49-3883-4c9b-9a57-df618ac39eea;qwk4hf6ks8twxeo;01.01.1970;ca52qmzzzi;618cf3a8-0fe0-4996-8298-2f8f032ff87f
f9af31c3-754e-4696-a52b-a7d7700e2a02;1msqni2iyzhmfhh;01.01.1970;yaejioiyai;d71bb6f1-ba97-4db9-9fb7-9c89a2252a7e
d83fd682-127d-4c06-a0a0-9d83120300aa;ra8i01wkjawqjrh;01.01.1970;snd673fdgr;670a79a5-1c77-4f9b-99fe-ba184c77db6a
13cd7c67-97ae-4e89-86c5-55ae0aa36362;n28b8fo3doqgces;01.01.1970;izgqdkuxh3;cdbc9630-32f4-4613-ad3a-2ff9f76205fa
e6e0cdf2-db69-49fd-8319-179aff161815;nzjlsyhq3r57mf0;01.01.1970;80q4or20b7;bdfbb332-bbe5-4612-98f8-ffd2803778a1
cc911aa8-da06-4fef-a3a5-e721c3f54ef5;8s1n1rlcuhkmapp;01.01.1970;xb7ai6zvvy;9897338e-35cd-461f-be9e-a8470687d323
0626d0b8-c02a-4ca5-9762-b6940bb78005;8btb48jnbbhf355;01.01.1970;45tx1ch2me;e2f3e366-65e3-4773-b0c9-38dd8bed201b
fbaec82f-76c5-4274-bd13-134e83b454fb;cqemio81rm5hvie;01.01.1970;efc3x6wsz3;fe530a2d-e2cb-4011-8bc8-ae117ddbd331
46e4c696-7b08-48f3-8ab4-bda63811563c;kv7g0kpsfbgvkio;01.01.1970;zmtdy813qo;342be621-147a-4d39-a1d7-5c39e703ee57
c9f98577-8582-42e0-8f6e-7e3fd3f09f44;mq8iiv78ahhw8uo;01.01.1970;1vs8cu6mky;9258a9f4-b295-4034-834e-3834351cb638
6ffaf67a-e07b-4dcb-af86-aaa014a3507f;yepqz64k0nkeqgi;01.01.1970;gmb0b376lk;3e5af72d-0ac4-4d14-9f7d-e9d891a39225
76f278b9-33ac-4554-936d-bfea1494aa77;ht5tli1g4ig4wj1;01.01.1970;l8ov81zzvz;dfa0a0b7-bebf-44f0-b909-2dedb4587df2
18b567eb-3c15-4271-8250-3df3583ee762;x0hmtic4pigbetz;01.01.1970;jnw3xmfxmh;eb09a3c9-50dd-4117-bf59-e2150bb247d9
f68e8a33-bb95-4e37-8b48-df6f0e07dab1;ae5sxly74bbvsy3;01.01.1970;2mhozn2w7m;9c0a5506-df03-4807-8a07-2b5537343c95
6e8e8f46-ecdc-4282-8cc6-998c3cc1ac60;0snxx80iakwljm6;01.01.1970;e2nrcz5vpk;cef3ef9c-e38f-4b86-a096-37dc36161134
5c362f64-bfba-416d-bd3b-d4a58c732b2d;wnydykboxlrkvid;01.01.1970;2nokheuvmz;7207dff2-098a-49f6-b559-7106afc98c30
93f7933c-d7e3-40b0-a5a4-9704e23558ad;v6yvgqwdui7yv5l;01.01.1970;ike588geuf;d52f60af-99f2-45a9-9f08-2a7332708edb
00476c1d-ac13-46ea-b3a3-379b05abaaa8;ijarc5q8xns2srn;01.01.1970;w45ay44cbf;2bcaf91a-a5dc-4d9d-859d-4e79d8e1de33
6afaa652-e272-4dbd-83e3-cacd7e61867d;rdx5vijqpulqrr2;01.01.1970;z7ely438l3;584e4326-9f1a-4c30-9f6e-80ab6b267f2c
100a2560-1f43-40b9-bffb-0eaad4b75e66;ia02rqibkxm3i2g;01.01.1970;t70nflaheu;3f07d9e2-08ba-4195-9d30-a55a6cc8c572
862ad032-4c04-4682-a34f-9369b106a665;lmcuq67o6wqwlks;01.01.1970;ikz1xsixjf;4efca4d7-599f-4c7f-9e1d-1cb52a4f03c7
42e2988f-fb94-4b3c-9fb4-58f3cd8ea27d;jtj80uh7neya48o;01.01.1970;t3xf4do8z6;770f4b46-96e8-437e-88fa-6daa98887f06
fb6ef858-5991-4c0a-8966-ae4a70f96887;5prlguacy8vxhnr;01.01.1970;i8a1g8i7db;fc3a2063-20f2-41b7-b963-27029119ff9c
35292968-5ec3-49aa-b719-2327bdab6747;572dt1v61ly7xtn;01.01.1970;sxmzk3l37r;a9d8d32c-ba43-45e0-b6e4-9e29f20e07e0
d43cf6f5-dc4d-4125-b408-056d2da86112;w2xsntakvm4cbzt;01.01.1970;xb86isf1hs;475db12b-54af-4a1b-9678-5d4b05471d1d
20435363-6210-4ddc-b51f-a2221db059c3;r7ii3eljz7hs6q7;01.01.1970;eay187cj46;abf62918-1330-4050-8d82-9a871cbba8fb
beda9130-18c8-420b-8dbf-212bfaed14a7;j7e1h7bfpz131r6;01.01.1970;dovmnpz4bl;9d25e331-7d45-415c-9a43-d7e64ce44fdd
08900f68-3ee8-4366-a964-f2b1d26f068a;lxcg4c0pz05w7x3;01.01.1970;exrk0rqh2y;b9b9b399-0245-433d-be9b-81434bd71c6c
c4135d73-1ebb-4e1b-b36d-47e8160f6bf2;4kj17j0sdfch5r8;01.01.1970;4zzh8llr3a;13f74488-5e74-43fa-8eee-85fc1bfece76
964ef2e6-cc3c-4591-815f-4e4acd96dc88;76ngt8ez7nv8ing;01.01.1970;jt2kgfu0jm;a0539eb6-6e47-4ec3-9baa-1000c217e31a
21df12a7-7fd9-4a0a-9ef5-15ba907a9b16;2qc4wi8u5q2l0z3;01.01.1970;wf1izyf1qt;fbf2fd5f-7dcc-4592-8d8f-f39ad4ea0b36
51fda192-0d4e-4b9f-bb8c-01c1bb0a4969;fqqpan10as1tvah;01.01.1970;cvcop1h3gz;b66be5ac-37f4-40e3-b672-c9294ed556db
7754acf8-3869-402d-b829-b0fbe4a066b7;8frjq3on6k0ytjm;01.01.1970;zbu32grhvz;d5e022b0-bc29-4581-9cf2-713407b1da86
b28ed794-6894-48ea-af7b-f578477aad0b;r6clgmef8aqfwyj;01.01.1970;w8d5rzhxga;598af975-0bfa-4fc0-9bee-9247bfcca437
856c6e4c-5433-4007-a717-cf4ab3d81120;sd6evyzzh1dgiep;01.01.1970;fv81iq7d4s;2cff7a8c-d822-4528-af39-e86fdf8fdc95
71b41208-419b-44f7-88a6-1fdd56e8b9ad;zmhl5zwknqiol5u;01.01.1970;bqf2thc3je;1bc4914b-6e98-4858-89e1-6f87045e815e
fee3438d-0998-475c-8cca-ea8b2ca33317;6yl8o2rps18og6d;01.01.1970;r3ar6qia2q;bd3c7b27-d0c4-493e-bd93-05c4a6e6b18b
0c75a2cf-c081-4ad3-a57d-b84179f35df9;iuxlgqd7eatxw6j;01.01.1970;ce5516hpet;36f9ff76-2f9a-4ff3-8dc3-d81271bcdb54
d85dcb59-baa7-4401-b44e-c42b4606f4f7;cx1hmirahstxtup;01.01.1970;q8jeovlvyo;8c60da6f-3b72-4094-80ea-2ad078a0e5a9
1d59368d-6a33-4762-8b6d-96849792cfbc;357tg0pfrabpd4p;01.01.1970;e63ejraur2;24597721-1913-49ef-8f73-0bcf5fa2d04b
479da067-cd39-4b34-83b0-fa7b1c790835;gxweu3a8xnbmp3u;01.01.1970;hpmwnlcsr0;a51c8859-45c1-4fa9-9fb0-2871c1537777
5271411a-7c45-4f77-bc90-4eaba2c9c649;872kib8avtjc0wv;01.01.1970;vdwwj71mah;db5a6614-af73-461c-8dda-49f739b6bc0a
34fbee5c-10b7-4c67-828e-d202f515b11c;x6lpyxkrdrg7rh1;01.01.1970;lulxmtkst5;7cfbaaab-f8ba-4f11-8f3b-9cf9dc151e2c
2aaeac68-df38-4a05-a5d8-ea46f7450b3e;w03reo0p4hb2mav;01.01.1970;ycaroyhk34;5579de28-e4e9-4be5-9256-189a77355427
7cf4eb78-8ed6-423b-b256-7312286affd6;vbxuxpp1miffpxa;01.01.1970;37nujhn6c3;c3abd600-1c76-4040-b6b6-c0ced3684c02
cee59b24-444e-4a42-8b6d-7697444317c0;dj6a88fgzcii0in;01.01.1970;haznzou82v;ad858299-c17e-4b41-bb0d-d20b265d482a
00ef1afb-f14c-4c3a-a0e8-1fca6db99c26;uz4owgxyttbly33;01.01.1970;vz1sw2t3ct;279e61a1-e2c5-469d-b012-c0a19b3bb2ea
18d924d8-8bdc-4674-982f-800dbc4c38e1;x41jjj4o5hze7mm;01.01.1970;bbdg6ytlln;9c4df6d2-14ed-42d7-a5f6-c3bc1df3d1c3
765c3dbd-3e6e-4343-bb37-bc932d9abe04;wle53kmnh8sulft;01.01.1970;da7h58aks8;0514eed5-c934-4ee4-bf97-58da5f6da6eb
0ff92098-202a-489c-b798-a5650546c686;63o0fxtro5hxjn7;01.01.1970;10akb7avs0;08d3acfc-6187-4d2d-aba0-04a49b783656
367e68d9-1d08-4692-a31a-193dad9bbc7a;h46o8lg5y3dmqbj;01.01.1970;raan21fkdc;208c0f46-b895-4008-9ca6-477d6d059ebe
a20c78c4-3a7c-43d9-b8ce-645e353a2990;myd6y8c1igd02v6;01.01.1970;2h3jcu48ad;5ab9a445-a466-4b29-bf57-d9912f7acefd
acd0d64b-ac97-4501-bec7-bd2ae201c050;58g8bcte8vigegr;01.01.1970;6zz86tkqkw;6c2ac077-4ef4-4281-8d41-8f27628e720c
5fd75051-6f93-4cc1-95f6-554cf390505f;t21j7no76k2hn6p;01.01.1970;qm8k2o3jpt;6bdd1767-23ae-43d9-8a9f-95636d992bb4
19847ce7-dff2-4cc7-ac72-5b9c5bc21051;ps80re8btvfqbr6;01.01.1970;whef7vgs06;9da2b62e-291e-4e6e-a6e4-b856f5713f6d
3ba5ab62-c9ec-47c9-a831-d2b9089e6df6;1seykxsarn78k68;01.01.1970;p14nrofy0k;0c049df4-2c67-4f50-95f9-930bdad8de58
9c1c0977-847c-4e42-be78-2f219494d761;yhobg6tge07ksy1;01.01.1970;zajyh14rqn;efa5f7ca-0aa6-4817-98c8-20160e976874
f7660c2e-488f-4381-a3a9-f08a73f80874;h385w0gtmoumni7;01.01.1970;pw2jj1mqqs;a8d6b075-6a33-4aad-8c1f-22d66f691eef
ca749a94-4893-4e06-a8f8-61a8e6a7d660;us82hxnlcu48h8y;01.01.1970;g6sfoxqdj8;9b919061-1d31-4d9f-a7c7-fe800ac12146
8bc6cbbd-72c1-494a-822a-48e5a609ce37;pith1gxm3kevrna;01.01.1970;cmymzsonsk;81bcca3e-62da-48ce-9d40-4b813085c531
2c443480-3c10-4679-9b12-641c7724b260;k3guzcutsmkfchg;01.01.1970;y5gmesuy8j;3237795e-bb0a-478e-a627-82def5370549
1f4a575c-3380-41eb-aaa3-331e954ef996;4nb11glbavewb5v;01.01.1970;3024zxaeo5;483ed079-d128-4323-a929-4f92bb78f7a8
63b3bcf4-6df4-433f-b4af-54232490427a;qdek2tb65abn0xt;01.01.1970;flsm5qk138;2348e37e-31b1-4cd8-89da-8d29b8c64391
ad373930-ba53-4f01-bb3d-0b86b166c7d8;dpptt3y6ips2fgc;01.01.1970;ksi64752kv;85e0467c-12cd-466a-8a47-9323757610b1
da573c20-7868-4ba9-a2d8-8cfc31aa828a;dzlw1q50g7fn5ck;01.01.1970;7cd4ujvplc;ad65e487-dba5-4df0-942d-2151c4db4f75
5dabea62-ab26-40ba-b073-6b16d265195a;tybqpaf8seqnetg;01.01.1970;ca08350nts;f7aa5ee9-c882-4497-875b-108d5d4c58cf
2a882b0b-f633-45ab-9836-697e9e1f7528;id5imxgyjl21ocg;01.01.1970;mjkwfhwdgk;1f4c91b7-dfb4-455a-94e0-6de9087d12ee
a37db36b-6dbd-4565-a56b-c993c4ad27fc;w4b1882ex680k0j;01.01.1970;wq7s55qude;99439da4-f2b6-4a7a-b92a-6ac6c1fbb74a
c08ac097-6a68-4ae4-9d70-20b911b4912c;cu457qskzoykiat;01.01.1970;q4fkzl05dj;aa62a71a-3ddc-40ff-aac2-1a3765be595f
8c2a0221-a765-4999-9406-2ad1bbef36d3;ila4nlh12mwkf1u;01.01.1970;qov5x4ciom;be4ab19a-cd6b-41da-ab91-856e4cabb5c5
03ab184c-22ba-4a7f-9815-20d4e0149c73;iheufi560qzqkss;01.01.1970;31yzwmka8y;64db7c85-8d33-4760-921c-770e1bc33f71
9e348efc-ebd3-4155-81c9-ccb636d00414;bal3lj8ufh17xr2;01.01.1970;dk2p00p8ca;f6e46734-5aca-4b87-9990-5358fc8ae1e0
9de4ee64-2595-47eb-917a-80d6a253c7c6;5pk8era68cdzgdx;01.01.1970;gvpw2smvhs;16296f76-57d1-41b9-8ac5-4fec2a57af30
20377dda-9a31-425a-8ced-d3ee80a7c251;gdkuybqaz822vuj;01.01.1970;wa2i26xi70;7d041cca-acbd-4422-b782-1f13accf3b51
8f002b09-de7f-405b-9780-4c321dd99d70;x62irt0f5gwho02;01.01.1970;0cq0m3atb8;9e0e19cb-9442-4c30-b564-8d2dbfb734b5
43e81d63-77b6-4c3d-ae06-9324beda3c60;vvmf6ukmsgwa1yh;01.01.1970;uzwbla87x0;43a80060-deba-4be2-a617-21b0ad6e79a7
b424869a-e8eb-47db-a3ec-dc865cf4d015;yf1ifsz37lunape;01.01.1970;l5xhkepn3c;df74ca45-6c98-4971-ac49-3a1ec1e96dd3
76d2f92f-7ce8-4218-86ab-4698e6464a2e;3tv5a5tman60qwg;01.01.1970;liyd6k36s3;1e395442-5722-4c2d-82e0-cb5d06135a7c
ad1a4313-b941-47e0-a64b-3a14a797a36c;8rviahxcff4aqdf;01.01.1970;yl2eycn60m;144cf4c8-9e1a-4f20-8233-5431cf31754f
0e5ff9ab-2d21-40f0-bda5-f20ddb544983;cismovnorybfin5;01.01.1970;x134smon8g;e3ca006c-6f82-4f65-bcd7-958417b93e7e
c8bf4870-70e1-4d03-b875-9c2626d2928b;z4izlqqurfikhyu;01.01.1970;iiw7345yma;307c3be4-f9c7-4c0d-8524-b92274ee9328
c1832ab9-4df6-439b-a29b-b9a8142c7c98;k7klb8wh7kkfrfo;01.01.1970;ok5rh0jut3;87bac9ee-353f-45f5-a41d-2254f399b073
fde9bc90-ddaa-4baa-b5b4-9d9ff441e74a;004wnmrvcqowggy;01.01.1970;l4ux75u12u;3bfd190c-3fc7-4ef9-a2c7-50fcaed8b7bd
909dfc72-434a-487d-90bb-cbbaae55dc60;t6l50cgz6hlyf0k;01.01.1970;0ni7ccuzw0;41d5066c-4ce9-4d63-94ad-ef3b16711fde
84994695-1023-40a8-ae8d-8659dc4c3b5e;3fxse5781grnk72;01.01.1970;85ohllepgu;e0d59398-57eb-44c9-88a9-d6354d8a98eb
9dfa073b-103a-4e71-86ef-d4a76e737e96;ijzh177ckf7voes;01.01.1970;mg375tky3e;7bd9cf8b-a25a-42bd-8581-fff5616f91f0
2c25c40e-826c-4e3e-860d-04d11c7013f9;smc41io22np6udj;01.01.1970;cjh4mf1ibb;cd6e3fb1-2f84-4488-875a-bfabc412d285
20408fff-96c6-4412-a30f-7eb70608064b;yvcejf5h8wi3ljr;01.01.1970;c8dr2ymz0b;0c9631d4-77b7-45e0-96e3-6e86956d8238
468a91e4-0c00-4795-ba12-9e45079afa85;3fhcu7rhzq32jmh;01.01.1970;2odv7khsgd;b4aa497f-bda6-442c-93d5-06e43f4a4568
bc0be786-ff5b-40f5-8901-1e083be7ca87;p1o0ik6tfysa2lt;01.01.1970;88nwn6yr2a;3df21e11-84dc-44e5-bf95-f87163541216
53b0e1c8-59e7-4e7d-b464-cdb011acc616;icsewm5ghk7rjfe;01.01.1970;p6esij7i6z;b65b1aca-2307-4f8f-94aa-7bbed115bd05
09741261-7b32-4276-bb20-2848e72ecf78;g0tlc5cc7u26d6h;01.01.1970;qv8gnzc8ar;f4435ee1-5309-49cb-99c8-b392dce1ebcf
a8a26be7-d2f5-437a-8282-7ce370ba7f91;cipgnllaimcnmha;01.01.1970;5g4ey6g0vm;63adf005-ea24-4968-abda-a6ce69358b7b
384b429a-8520-4661-9b2a-dc0837037592;5uim5w6dwn3vft7;01.01.1970;78hrczb6ho;b78b4696-1fd2-4a79-9de9-b2c3193ba1bc
6e1bd609-8b29-498c-90b5-b613f66c0d3f;1k2x55wh3yf0b8f;01.01.1970;03a5g763wx;a0457aa0-5508-49ab-b836-6469cc402da0
62aa3301-c491-4959-83c2-4be9526217ba;8nkvzmezikd45rt;01.01.1970;x4m67wgvgj;01ca655f-e0fb-4bbe-9899-87e056cfcc24
1c5bf10e-c2ac-4eb5-9d8f-ec26f5e7bac1;3fr2pzcokhntwng;01.01.1970;g8fqzbr6zz;6478ed33-8593-496a-8790-d8820bbf1c3c
77b62462-e12d-4167-87dd-5ff5c031abf5;qjpooyxc16py5ht;01.01.1970;zunn4vmhjj;46052544-dfde-405d-8522-34d60d8427b0
33957070-ee21-4780-b24c-3265e024db8e;ae4ifcwhaw6xzwp;01.01.1970;fi70vv80ez;af030ddc-2c67-4139-9e47-e5ddbc95b881
6588ddc0-b456-45e0-b58a-c7274c1006ff;p6cndcvknvd4y5a;01.01.1970;vh06ut0wzi;e2cbc0e2-b908-4aac-b2dc-101c823ebdcd
1cd81206-5305-4472-8a7f-f9bb45e2eb89;fzd1cfpyij2vwxs;01.01.1970;moiwlflvuy;51e665c0-ef81-453e-94c7-46a6058e718a
6393fc4a-50ed-42ba-8f4e-01ca6f7b4f8d;o0w1qfgnywuy2aj;01.01.1970;tt862l4m7n;2a51b8c9-6e29-443d-9f70-d6a743e7173e
65f66445-774b-4728-be93-7d929c30dc3b;ku3vptnpdhtkkag;01.01.1970;uk6654gtgp;3d06c600-ced6-402d-8d72-4b4ba2924efb
ac47f7d1-12e5-49d2-a2fc-44ff705c6680;kq7jp0dt87fjvqv;01.01.1970;bkn4idux2e;df69780f-08f0-4215-82f6-fbe2ba6be549
38b626ba-396c-4d11-9d63-5c0b73b45257;dbbbg1agh43t8cc;01.01.1970;p8lsh6wo5e;60fcaa0f-7670-44a3-ba86-40716a523761
313b07a4-cf57-4746-8f0f-5729593cc909;e7f7sxy11vnbc7q;01.01.1970;5gqboj28d0;ede29724-3363-4d15-bdc2-cb2afb1b449d
f64ee9de-dc44-4709-96c2-ee3998fad5aa;fmiho20t1ya0g2n;01.01.1970;e8s1vcnar2;32de9697-3fd6-43d0-b40a-533fd62a2c6b
d7e483c9-c122-4ed7-ab69-d59b8f7d5a4b;3n6z1thkysnk844;01.01.1970;cg213twiln;c3050144-938a-4f0e-9c37-da0f2c309b22
8d2b27ea-a96e-42dd-b8cf-f4895fbfa383;1m6i0ku5jef8vyu;01.01.1970;nlw1h2k675;f9edd26d-1048-45ca-b592-28ef37b1480b
26c47f2f-0452-461d-9533-e649a014a230;zz2sjdxtvz2i3bm;01.01.1970;370mgl6zf0;368badb5-9ae3-4d61-b770-ee038360618a
2bb8cdbf-284d-4376-ad16-7961090247e2;0olitjt1h1bv53y;01.01.1970;v67lmrnwe7;a4246952-9daf-4fc0-8b17-f600fa4fe77f
1d7c312e-6b63-4981-a1a5-e15c824ec113;ye7t1bkhnetruu1;01.01.1970;beqmdffsgb;9bf0c2ca-4119-4706-b294-0bf14d51beff
4ff5b40d-2642-4d4a-8eb6-7cf71f6587dc;2ipndbxlfhnn23y;01.01.1970;le57bpzj4v;6138e60c-aeec-4cfc-8ad5-95f5d68adfdd
1a7d7158-c08d-4a08-855c-eabcbceb4506;jkmp5uuxlklshp3;01.01.1970;bl145ssri3;2f756b2c-5b6f-4aae-9fe4-54842fb112a0
2f902c2e-7abe-478b-be7d-b77461de426f;w7ahi7pv0hraoec;01.01.1970;u5w2xcn45y;5b0f1624-cf4f-48ed-af75-f931916346a6
16a79b38-c462-4ec5-8335-958d6af4f688;zivc5zuxmra5ojo;01.01.1970;4gys1j4b67;03cd0ba0-bf12-418b-affa-ce919ef6dc7c
70bdc70d-0829-4bd6-8623-3d922e9cd647;vmxdr3k07ukl7cs;01.01.1970;kvgjm72nx2;8f15fe07-e27d-42c3-a031-331d7bab2c32
d882f471-f491-48da-b97c-2d4dceb24544;mexx62kjrxu71ai;01.01.1970;7mdvslm7lp;d904b901-ca53-4b43-b193-140bed7b9b24
8b1419f6-89e0-4116-acc8-e01eee04e3af;5zn7jp2bp1lhvau;01.01.1970;v45omxgm6i;1085f3f7-a6fb-419f-b63b-9b9bde0ca6d3
b3b9740e-19d4-4459-81e3-52d1997f46c4;ilk4510vsrhuimv;01.01.1970;t228e75ew3;b57eb9fa-f3ea-4543-8c15-d7c615334952
b9b896d3-195a-4cdd-a10f-28a621544cd1;vc3m0lx1fvpxird;01.01.1970;zbht3na557;7ef5816a-7130-4beb-aa2c-4d0aeab31f42
cce69580-50a9-4d54-9bcc-b93a754b1700;5klzvia3o66sdy4;01.01.1970;3l2aqb4ose;ed41e3d1-366a-4596-a2de-95d70c3c24cf
feff5a0a-1836-4fd7-91eb-7ba009faaf8b;71omxzi2o2x8d0i;01.01.1970;cwjfnp5ckr;9202b12b-33bd-40cb-a465-27ce83edff1b
9af195de-05a1-4a2a-a1e3-3c11dc7a9fd4;taq4c0jz877ejqt;01.01.1970;bhwhvsr7no;3a4fc0ad-998c-4264-ba1e-1e66a5d0137b
e837b111-da86-4023-abbc-9a22560d7489;2uth8harqwhst8w;01.01.1970;o3a6ytqmzr;14155e3e-0e90-44be-823c-e8eba57abb77
e874aba5-122b-4438-885f-3579ce12250c;7gdx8mx5ajyyjuz;01.01.1970;qvlqrerwco;5e1590ab-aa9d-45d9-b133-23a61916dd65
806c85a7-9755-458f-94f7-dfd6e8a5df1e;7qnjiu83sqwfeht;01.01.1970;xas60jykzk;bf106d32-575b-4648-ae69-6554048e56a9
dfceb961-c845-422c-9eb4-a1625e2ab336;p1nws5ibdgkg2kt;01.01.1970;8wvii1e1ss;2b62e624-84ed-4d7f-a8e7-b877d484d4f9
f04122c1-1d13-4cc6-a582-c2037b196438;vm10gr4ei5lro17;01.01.1970;iitcuzqib4;4322810a-b10c-4efe-933c-8e661432c2ca
c989bd7a-0768-4444-abed-f74c15c868d5;31dfcg4zynh2o8e;01.01.1970;fl6x7tj3yd;2808e456-250d-4eda-8c1d-abb23972c8b7
0ce3f1ad-7fc4-4390-b2ff-f0b8cc17f8b9;bhqvx2p1x5uxane;01.01.1970;eazpgbc01t;53084204-b62b-409b-b15e-3961046ce6b5
40b7e14b-3e0d-4879-992c-a1af79a6cafd;5fz1pu6klrqs3p3;01.01.1970;vudzbychjz;41af0565-ecdb-45f5-8510-39792dfd3bc2
89c16db0-fe2c-4121-ade2-b6cc9fe9d426;p818cwb66axje5p;01.01.1970;h0h02ho8vb;26436c33-a760-48a5-8610-3f5cc845f9ec
d0295a2b-1269-419d-8015-6ab5adac1dc2;1yo77pxrva12lr4;01.01.1970;5bpryg2owj;010f4ab9-cfb7-4001-bae4-c3ffc5b6b520
01640070-3d6e-489a-ab09-7540eee06cf2;cyjnwxgpbp00lof;01.01.1970;vqqbb68wef;e0cd58c7-e2c2-48e9-b013-e30cee6eb034
aadc8100-3c6a-43d6-98d9-493923f7a932;jzq8orfnpekyhqo;01.01.1970;40pfp7hz6r;c0974f77-f332-43db-955e-87d41c52366f
e6ae3b86-d75e-4975-b13e-6e10d9cd4d10;4z2l0jzawfqy7vf;01.01.1970;ip6nabvoj2;ddb36033-ea5d-435c-8ab6-28464fd95ea5
aeac5d01-1af4-48d9-8696-77c57dd4bcec;w32m2xc3qyiilae;01.01.1970;i0q2abero7;ba3e47dc-3966-4b92-a1a4-fa654a8ba8e1
191665e2-eebd-4a9e-8d32-0febeb94a22e;u13fjd4a0m6wacf;01.01.1970;qkmmw6tfi6;39d7dcd4-32bf-410e-b960-208444279021
41147d82-75ec-437c-9bbb-743940532759;pkbycofrq40xiuy;01.01.1970;5zola8fq2u;eb4e77ea-d408-4d23-aa43-b2e9b8393f99
61a565dc-c7c9-4676-bc76-294a4316bc1b;oy3evont6cvq40p;01.01.1970;ewg7qsw3ai;c23515ba-5496-4187-b45a-1be09b3386d7
93c47f22-c7c8-4505-a458-1eb6cf278aa0;l4q7fkmnaf7wys0;01.01.1970;ll6tsplie2;228b9d39-477c-491b-8660-d227e841c812
c50f1a86-16a4-4303-a689-435546b82eb0;njaaoqdtvqdy8f0;01.01.1970;uygfan12hd;2ee07538-fdec-4fca-9ec5-608c987f2c15
8a12af6f-abbe-465d-9cc1-37fee75918a2;kqowko1ce1ppdtd;01.01.1970;emkgik6vhb;684cb1be-4f95-4f78-ac7c-f0f9db99e4b9
14d26086-96fa-4d71-a9ec-c3cf88da6d1f;xcgdijvmgjd63zg;01.01.1970;8z0dagv5tx;9398fab1-62a4-43a5-b82e-94910053ef9d
2b9a7f80-f121-4d91-9e13-0313b3146afe;2io5y8qah366mk7;01.01.1970;d8juaa8gxa;8796305d-9d63-4146-b76b-82c0ffe5f233
9d943827-9ec9-4928-82fa-d220a0dea557;hyq74hqrq6f0l4n;01.01.1970;f32608ly1v;9d019bda-aa7e-4e44-9bc1-6ccbff5139f6
7332e853-052f-4a04-a07c-24155321a10b;5nwpu4ddr1d4ep7;01.01.1970;0p6i2jcoij;38d97a75-7113-4542-ab3b-081c0b9c00f5
45abb993-bd85-4a28-823d-45ff56c929fc;xfz3wrapzinkbak;01.01.1970;f1y5hfx74s;6834bfeb-aad4-4072-845c-21febb7e8b4f
748972e1-5c67-486a-8de4-5334f5a6f829;h17qpfvtxbigcct;01.01.1970;dvouqla2w8;8ded9b12-0ac5-4bd0-9b9e-4388db2d3b6f
ef1c712f-1889-41c4-81a2-807001d4126f;uadnwu4c1cqvnt4;01.01.1970;gulwhfcv1e;85b90322-ebb3-4e95-902a-f7f6c27f0fc1
335eb5b5-a50f-42e9-983b-2d7b0e55bdcb;r4xtkpry626odrv;01.01.1970;ewuwwcc4zc;445bafa6-e639-4d60-8a2e-ae97b04dfa53
94dcaffa-a2aa-45a6-998e-879b9ba99417;s5f68ik25awni56;01.01.1970;3tbave77nw;499092f9-9800-4d4e-a060-0c5d4e7b6029
4fbc1af8-bb39-4a1d-be4e-09370856f93a;m3p132t0q8pss44;01.01.1970;d4e62i6t7d;10549e1c-2be7-4a2f-980c-1969f5493488
79e53750-9201-4560-b028-59397c272b25;vkp1ey5spgj7tdr;01.01.1970;8sn0c7kncd;14050766-2cac-44f6-ad7c-5769e03cd894
a02c56bb-6435-430a-b2a7-72743eb44043;dgbyp6libdtx4wk;01.01.1970;3iojsz35es;2ee7e83e-ed45-40b0-9519-309c7bed5376
4e5b83cc-9789-44b5-a755-1dcfd22f2cb6;unotxrfzh0p31gm;01.01.1970;niumahmh74;9ecbd1f0-7de4-4014-8d35-e9d65bf98141
e78294dd-d6c1-465b-a49b-e92d56e29ba5;ky70374jio5l0bh;01.01.1970;uk087jd5ow;13496e14-730d-414b-9790-2be07ba70c3c
1dbceeaa-c61f-486c-b2f3-e2e24b2c6a0b;6rkg17c34mrzbj5;01.01.1970;eplxmi0vba;9c7a1bef-5961-44d8-b5c3-a19b9307054e
b11c0de8-628d-490e-9ec7-098514dd1173;xsesq5qgtpaxsx2;01.01.1970;i0f6kypt4f;1a6a45e0-8bee-4f9a-9cca-a8edd889d518
33eda395-f55d-4e73-9eaf-732446b87095;xwd8ixec1d1v0xc;01.01.1970;oh83ltxwtb;faa4cb0c-ddbc-40ed-a62b-c1762079a7cf
e96731eb-0d04-499f-b84d-deb233bac27c;ovcry7gru6ixkjn;01.01.1970;0vygerc0kp;04f3d4bf-af58-4eb7-b4e5-84ba672eba11
525a0517-c765-43bb-a28c-d9d974115f85;jplp7z705wd0i00;01.01.1970;47sm31pvtw;aa329ba4-869f-4551-9286-1400929973ed
67f7cc10-67f4-428d-a168-9feb59629d07;0j1gj6jax6sm25h;01.01.1970;n6q3o5cxrm;19265d9c-a710-46d2-9847-ecca13c980cc
6e868e76-45a6-4e0b-bcef-dc9511374160;8fz7mcfilnr6i58;01.01.1970;8a1o240zid;56669427-27c5-4a69-bdba-92305028a5dc
f6555695-521d-4399-b2d5-d05c294d1006;chvmxkwiakkauyl;01.01.1970;km5twlvn4d;e7be772b-4ae0-4609-af8f-deb03b3a2cbb
875fae7d-c106-4e9e-bba0-21be642ae672;bjom7flwbpjv83s;01.01.1970;qh8e64o8r7;e2e8d239-999d-4fbd-ba09-29bcbed74ff6
e5059745-3e9f-4cac-9509-876b655bf19d;d24ehl5v7moicg7;01.01.1970;y0d506v4xd;528226ca-d99b-49af-b154-ca04079222da
3a36f47a-6549-4299-9e7c-471425134947;1jbsg6slqgfe5yh;01.01.1970;cqt1if81t4;1d9421af-046c-46ec-ac6c-844e7e7b5585
641b6bce-7b29-47b5-bc1b-5b9be8af3180;fdugjltlkurbjjt;01.01.1970;wzfmcmc71w;b68cc471-8695-4f7c-b8c8-70eddfb534dd
ef928e48-5b10-475b-b038-c2b8d32c271a;li5l0ebf48l36zc;01.01.1970;yxj0w2e2hq;0f79edd4-5bb6-4d4e-9ff5-1068461359e2
7f35280c-b789-445e-8807-b0b6c2d2e8cc;t3jmt80nw0jnuir;01.01.1970;zdlsz07wrs;203ac306-8ced-4559-89ef-b95aadaeb14c
59c76cac-bb69-4e47-9375-734b4deeb2ca;87itwo5m7m70ka6;01.01.1970;x3wwfdfqv3;0b08b210-842d-4f13-bc54-3201ab5972c5
69c0baf8-e1ed-4ef8-b7a3-e48a7ed5c993;46wkakoa7xb3lx5;01.01.1970;o655kfucxe;2d847695-31fd-4ac7-9048-1422aaa22447
33dcc510-c34e-42cf-91b1-808ee3582bcb;trb0pqwk6xtcp3f;01.01.1970;om7ug82nxq;6f9037ac-19d6-4c51-affb-b525b8f6b3ec
57b3330d-f7d2-4a11-aaf7-550ee78d3c6e;pfky06ibkukc8dh;01.01.1970;tusiue3obn;66761617-d810-4ecf-92f6-29596ec2a27d
4a9c95a7-5585-4bb0-bffa-75b4d37a4c8d;a5jdomdye5w3vdj;01.01.1970;nc6y3y0oph;efa1e3fa-033b-43bf-9a9e-efb861ec8a59
8331cf2e-6c6b-4615-8d3a-2166644d461d;nstpeks5dvngywn;01.01.1970;jkgygeouvc;2a2e0988-dcc5-4bcf-ab6b-73b655c16a5d
c72d67a9-68c6-454c-b253-de77bd690e5e;p2a0g0r41pr3jeq;01.01.1970;yao7of5lqg;9737ee8c-6228-4e4d-9f61-ef16baecd214
d578fc62-5d74-4a5e-9125-ec6803e6d811;xugxirrawihjjsz;01.01.1970;blazm8bn2n;154642e6-7c23-45df-8be1-9b4c532d11d2
63ade0b1-f971-4f9e-95c6-f01a63abbc78;rcgte6i5uuob6ql;01.01.1970;cxrczuizbt;627a23b6-dd9d-4839-a4fc-cddcb6deec14
4eaaaf3c-e01b-43d0-90ba-5b2ae208e452;8hu58trjqwzeohx;01.01.1970;71116tqlus;43c0201d-353b-43a8-bffe-ece0ebea27ce
38936085-843e-4af6-9431-478424edd0b4;10zwz00anga5yc5;01.01.1970;7rm3xe5hfm;71651f8c-fed7-4a98-8246-1755ebca09b6
0031c09d-b4a1-489b-95f3-1d9a85896b0c;3wwsuj15yc86pxk;01.01.1970;uqxi1ylcv0;736fd105-1d25-4c7d-8a1e-cd754f9c3f75
8ffb6789-5115-47d6-8205-f897d601d433;hv5lx5xorotwb5i;01.01.1970;pn8neflm2c;b1101aad-3565-4494-9f1a-b4cfd4e86f23
e32de64e-f176-401b-8ab4-8f511e874737;czjf72yohrfs1op;01.01.1970;xk42vdwqzy;91d0ac92-18dd-4269-8f9a-b5ea0ecf7f4b
9a5be1f1-3a5f-484d-a461-999aaa7124a1;1vc0mnwerubbph3;01.01.1970;4h0quffk1k;5067a1e9-78f4-49d0-9eb4-4dd777114bd1
1c13812e-a7bb-4277-b984-b2b00bd1dcb3;soz3oqa0zg3r206;01.01.1970;mfcbsj83ru;db248397-ac1e-4ba1-acf4-3855f9161a12
492d949e-cf0d-4c7e-8f70-6a5313f1a01c;kzwlpi4n52d7pt3;01.01.1970;jqmqgsbpuk;940b4d77-6bb6-407d-8bae-89682078a718
17cee1c4-d819-4949-a295-4f3b2200da7a;emu7val66ley5p0;01.01.1970;07x37grae8;47c2fe37-0642-43fc-8b58-7b437579a6dc
ec493543-6458-403b-a8e2-eb9063ce6929;kzm0uxj1qxrcapl;01.01.1970;tklzk17n8b;8e605b07-7d9b-4061-a654-a917148e5298
af88e6b0-07cc-461b-9707-9ab0f575c77b;chvrz1j6cy0oi4j;01.01.1970;4ipgup4ufs;321cd1bc-6162-481a-b7eb-d5277ae44a52
f43ec367-6fbc-4c4b-a87c-4f7a08fb8180;5qdnyup5aqtie70;01.01.1970;hf5zfk458t;521e6022-d646-4e60-9b80-4afc699b500f
4109323b-2fb0-424e-bf65-7a8db134c59e;vd3ses87b54jphs;01.01.1970;txa2z1j6hv;0e941113-7da4-4101-beea-1a35757257df
fbe7c77f-fb29-4375-a054-3c752419b4bb;ooy6jttnyt2bubp;01.01.1970;axb3hrk2le;721f8f13-967d-4002-bbd3-4f9288d25fb9
7985e821-2739-44a2-88d9-04036c038c30;5kv6aywh1x15zew;01.01.1970;ucea2liwuw;91e7e759-07ed-4ac2-a45a-d9afaae5e45e
1bf78312-8380-4751-8ad8-7e046b2f2ae7;gxsiod7yvbpb5ad;01.01.1970;0w0xnt6wz4;88b918cd-afb4-4738-af6b-4b9de04d022c
44a8944d-258d-4e50-b638-7790debe784d;80aha660lzox125;01.01.1970;r1jr80oabj;a8addf63-dd6d-4f61-a431-324f55f79ad0
e34e7393-9b0b-441a-9b4c-473db26b2e90;05x8tlub0q08mfy;01.01.1970;fmai5y7dc8;0fd5eac6-e363-4e0f-a736-87f3a1b9928d
737c9e9e-0572-4bfd-b5e9-d048fec47eac;hhazk82eduz6sd7;01.01.1970;w5ij7ac8ml;83446b49-78b7-4083-b16b-f2c28f28e187
8a450d13-ed1c-4003-92fd-a38095cfa314;0rgrs475ckqetjm;01.01.1970;8vzplmd22z;8215a74d-96f4-470a-868d-1908524ea438
84441dc7-e49c-4314-b3cc-d858f8034552;8xrti86ackkryjd;01.01.1970;m84b8ahthu;73aee058-e8b1-4bbc-9b4c-589c4d499d41
5f7e1e2b-cf94-4a57-91e9-463951bc22dd;gfq5e32ikyhddsb;01.01.1970;0av2axxku8;ceb5cf58-459b-434a-b0b7-e3861575dc8e
944b2735-9fe9-49c2-a38a-0c9e65a63c40;duuke4zqb60df2r;01.01.1970;k5ux4h84hy;b5371550-f216-449b-ac9d-a8ade00009cb
9f4bc3b3-68d8-406b-8831-44059a4c926a;aa2gq7e5vjxwf82;01.01.1970;ijrvt8ueil;422dfe7e-ffe5-45a6-9341-1a71aa5db816
3d6d3a16-fbfe-46a0-8fd3-ceda9afe276b;d871agfedelikd6;01.01.1970;t86t4lgnmh;71d1cbc1-0ee9-4f67-ad93-254ace3cb777
7376fdd4-31cd-40a3-baa4-7765b01ec676;t8r3q05nkueo872;01.01.1970;odkbd6q1w1;d23cad56-bc2a-4f17-8368-45595149bdb5
31d49de6-e0f1-4865-a628-4b1cae396e31;87j57bq1apcuds0;01.01.1970;1vl16sxnqg;5cfdd013-331f-444a-8716-db19a2eedbb2
40ce2876-7f6c-4ac3-80a8-94e54926bbfc;fw7g8i0autwsm0c;01.01.1970;hkgyzgn03i;bebd14c1-0943-4bc6-9fcd-6c66ded3e2a6
8a4a571c-c1b6-4f7c-8ab1-120e29b7496c;deslfl75736w1un;01.01.1970;hd1zvzmosd;4bb51edf-8e5f-41c6-83d7-7c55559acebf
2d862176-46b0-4250-b190-e47db3bd4183;k8k8td43yrt6tr0;01.01.1970;rlifl5g3jc;1fbcd176-525e-4d31-9b35-ce84d4a81a5d
7a003bce-e22f-4a6a-82e3-bcba0230b1fc;qpg7ql4pqh2x8gi;01.01.1970;ay4s70ka58;2c817d2a-1ac8-4255-8685-191fe62c7a7d
2cc39463-2fe6-4b6a-afd9-183715939d79;z0qmdl0nskvttdi;01.01.1970;4zbhbhotmw;4d2f7fe7-575d-4067-aa56-a8564f8486a0
f62521d3-0e94-41e8-af5a-097724e7783b;wh3n7wlkgqm031z;01.01.1970;2hhoijntvs;4482d827-0159-4d8e-8f50-63258c06497b
d1cf3d41-fdf2-4815-8501-3f81849f90fb;8ejcnkr5wi4b77j;01.01.1970;di6rvw4pdr;0510e3a0-165c-4809-ae0f-dace40866115
dfe4f568-6d8d-4437-9c1d-3ca4a5033835;s7zbinm8ns423jm;01.01.1970;m731a2dxev;0bb2e192-0ba4-4bd3-a9d2-ec1fa9f07e1a
ab9e16d9-39bf-4d34-a11d-9d40450304fe;6gozqxc56h0gww1;01.01.1970;cwlughgrrh;ae2f7d92-5064-4532-8a40-aee67a2e24ca
8f707270-f218-4397-a7d3-9890573a60d9;jp2bq1rljbgip5t;01.01.1970;ihocuva6vv;6101c686-d0c0-4d50-aa20-1ae41fa77419
c446d665-9406-41c9-8f9b-8ddd26104876;ul02ekufahr16ow;01.01.1970;4uewfazgxy;d1dcf84b-b677-4fc8-acdb-b5b972633540
928f2c44-55fa-486c-abd1-b0b53c69914f;3rpvi0jyofl5qnz;01.01.1970;xyv7swoxcs;544b7bac-ff0e-429b-ab95-da5e867b33bc
58ac6d7b-8f41-4d8c-a321-973429254a21;qd4g0w8jg5jh7xk;01.01.1970;q6wztezj2f;c3d3936d-6c7e-498d-aecf-ae1c75a31ee1
44299bc2-8ceb-4ed0-b230-144065f52421;zrdlwaeuchsbwoa;01.01.1970;uqzvw2l1al;28ad8ed1-dbe9-4d27-8846-0f517674e99e
5e1a367f-22c6-4f79-adc5-cea8dc44de26;1ao7gjdizibob4d;01.01.1970;dmrg1oscgy;5ba565d5-0e5a-40c2-985d-20af4305ed1d
dc1c0bed-8c64-46ad-904f-c85b8e375a2b;1zh6mk4yo6hw0rm;01.01.1970;f1kb3jz67z;0805d911-c9fb-4d00-9254-2f755cf719eb
d8aafe18-843c-49d8-aebf-c66f0857e0d0;zpgfemhxnt1y00t;01.01.1970;y1cxdytula;26dbe2f1-f904-48e5-b257-8dca76e06a57
ae3ba76e-78f6-478e-8bad-ec5d6a75b546;6lhyzfyyo46i2my;01.01.1970;hdj2ilyp8n;4193e822-0b25-41dd-8d34-c44b011a6ba3
bdafe3ff-8c7d-4f8e-8081-cb255223cb2f;hpegtqnywn7wga3;01.01.1970;zj3lh42hih;c5f9daaf-a193-4164-a4c8-f0d750ad3687
c705ce24-79b8-414b-af7f-0a66ef452b9d;4fk2armf43tcg5r;01.01.1970;7se4efghkz;f99c2c8d-9cd6-479c-bba1-49aa9f7c1fbd
c73dd15d-e431-45a7-a0d2-6ea7b5868b53;7qs8rc0df1fp3j7;01.01.1970;xu0pecegyf;e34afb76-4f2c-4233-a2a7-52c555264e80
e065cd9c-ee09-4743-bb70-412e2d3c3e10;ak7ol1rzyi4coao;01.01.1970;sja4gqzuh8;73b52724-cfc5-45bb-ba2c-d8d57cca22a1
7760ffea-ff56-49be-bde3-da9179144b39;gj8ogjwobsbd1dz;01.01.1970;seac5biqup;56777b8e-21ee-41cd-a8a7-5138a043435f
a471c409-69ca-4933-94de-396bb5c94ed2;o0q6zzt7rw8mzd8;01.01.1970;budai5vb2g;a5879f28-bed1-4c66-97eb-e4225836ad12
cd7d3aef-7e41-46f1-92b3-0593e2890aaf;g0pbpqyexdcj1f0;01.01.1970;h0eox4ep63;cd859fc3-c4f7-4e29-9f2f-cbff44e90cd7
fa68c520-3fce-4b68-af81-4738648c8ffa;02hn384vuz2dmel;01.01.1970;zfdoe2c7dl;ad06b4bc-dccf-45e6-8658-30d69fc04efd
d92780fd-53c1-41ba-a9ab-ed02054f501b;ru8pnly6bfyh28c;01.01.1970;urpmiaikv2;3a7d0f68-d9aa-453d-99f7-ea32e17b85cc
03e952d1-a32a-4432-86e1-2c5dacbae646;gc25w608kqce6fl;01.01.1970;bma8mwp2zf;68d13322-f262-423a-a686-19936c7f6495
924e5bf7-f661-449c-a4b4-b0bfa343056e;itubopyyi8t3rsz;01.01.1970;ie2ldegn3x;6455f6f6-a45e-47cc-9707-37ac40c95ae0
dded5e17-2735-404c-8114-6b36d8fb8bea;8s4cti4jjflqd7f;01.01.1970;z8yxynppcg;472969d2-0c6a-426b-b410-d442a190e6f0
870c37e3-088a-4cfb-b1e6-9ba622c71a95;sbozpopiyxtteht;01.01.1970;4oa7fl86bj;d4587d3c-7bb1-4bea-b90e-adab73eb8d83
06545dd0-dac1-4325-b857-99d36578888c;nein02yq4ofb0w2;01.01.1970;sbtocrygoq;5560fbdb-bd56-4ef4-bec6-fe495f8c1ab9
a1252308-8610-4270-9284-a98451e7989b;ovmbuzjxlu6112u;01.01.1970;mbxytflmk0;2ad7a367-3fb1-47dc-8646-7da95ffdcb77
4009cfff-59ba-43b6-ac88-58ff542c76b5;wogd2y6js0xfz7l;01.01.1970;7unx87ehli;ce863976-da15-4ded-95a9-a39af9bb5852
e6b87605-6e9a-4e47-8d29-54fbd41c86bd;z11j57g53igdotr;01.01.1970;wnr5255jem;f93f2194-b254-4ba2-b15b-ad4ca9cdd8dc
215c4833-934d-4332-9374-f8385c7a058d;uyt8yz85y2l8otm;01.01.1970;bocikvkcga;de2e045d-e982-473f-aa1d-068f3bb07e5d
d7f30950-a7b6-4846-abc5-9d3174193db7;owiqsmd38smv5yu;01.01.1970;1ssfwaiinn;c56a5fcf-ba92-4304-8613-1da44cc32cb8
21962dbb-04a0-49f5-92dd-9e4c28b6dad2;icdu604poad3h6b;01.01.1970;zsepnolgqk;2fc93691-93d1-4e82-85a2-98d437cacbfe
fb26ce25-b837-46ae-95ad-93e3edf36ded;lpjirxumgx340xw;01.01.1970;cp3hlgcjji;d687b806-ba9c-4538-9e8b-0c67eb3de3ee
45cc5e79-1bc4-463e-a0ba-22c1819f9f08;dlz8kcmx83so0l5;01.01.1970;17z3gazbqs;dfe4378b-c21d-4cd1-b6a5-f359b69c3787
313a7ce5-b576-43f7-9e9f-8d44bb76cc85;hdzi32vupy4s7vs;01.01.1970;hhe8gmqms5;c7e6e7d7-3bab-493b-a6c9-baa76e41ab96
16288f97-1022-4cb2-84cc-a9222d59f8b4;aw5hdptgv5vc7lo;01.01.1970;s3sg13aqj1;682cb65b-99a2-496a-b47a-a37fe43cbec8
24d46af6-e37f-4f21-8b43-7324643bbace;c0se27108qcbjvp;01.01.1970;d4rtoqgkwt;97784f65-0f78-46ee-900a-d8da99feda4e
b0ccff77-038c-4616-a0a9-4466a845b26e;gmarpewb2on705j;01.01.1970;uof1go7gr3;c213b32d-6957-450a-8a7e-f8637d9d55e5
e67b7f49-7041-48c1-ab0c-74be6810e2d2;osmc5vz1eb1m7i4;01.01.1970;n6f7opn4ag;cba240c6-6a43-484d-9263-63611c6727c5
5e53da77-34cd-4bc3-bfe6-47c6d890f861;voy58stjyf7uy81;01.01.1970;41iu1kdso1;5cda21d8-f242-4e6c-b4cc-bf196488fb94
09558cb9-a318-44d3-90fd-cd73187ded22;iztaw4ceqrcmkl3;01.01.1970;vcx88qmwvo;33eeabca-0761-41fa-86ff-024995de6c75
fc15c730-4729-4902-b36b-95428474318f;wwmownigw46j68a;01.01.1970;5skh0d16l3;6f54e6bc-c923-493f-8bb7-50a2cb8ec14f
faac01fc-0d7b-4e94-9c7a-cd801fda220b;2kgitr83ufjl058;01.01.1970;47d7cvpqf1;11d06540-6be5-4386-90d7-05e7f7eda286
22906c74-d0e0-4a6e-bdb8-5aa52bf3f4d5;38g1xtc5ua435zi;01.01.1970;zhj4kw0llz;71f3ca3b-2894-4712-864e-d10c602f1189
803c061d-1a7a-452f-867b-2a1cf48b9db0;re4u7qxt4n6ywyy;01.01.1970;e57bja0s25;74f17b9b-d9c7-4ba6-a713-3a7b8bec3472
35733aff-2849-4996-ac10-cd56c44b06f0;bbuggmwm07muo56;01.01.1970;zfcmmnfyx1;6748bf24-59e6-40d5-9f3a-4b52fc8994b6
90987207-dc0f-4b7e-be7f-5da00ece5119;xc3igclg32ltinc;01.01.1970;eovb6wnecd;1daa4d86-8e9a-4f94-943e-dde3cda9d172
061ae399-713a-41cb-87e8-307a263d8852;5yp8lldqgknob2o;01.01.1970;esdb7ninnq;9aae25ce-49ce-4d0a-a1ea-619f0e3f0eb0
dbf45566-7e29-4de5-9c66-b6fcd46b76cf;7wug765dkw7wkav;01.01.1970;o1h1cy4lue;1338c7fb-5156-4e6d-b855-465a49c7d914
ce54a0d7-90d7-4a05-bb98-a974f39f9595;vqd74s4xpwep0v6;01.01.1970;s7molvyh2q;ec1449fb-3f45-4e42-9b8f-a9a1027bec51
a219b34f-8bdd-4ad9-bd25-676dc71772be;txfc43a4ewowg7f;01.01.1970;vrl64z3zll;5722b3f9-6de6-47cb-91ad-946fe5aa0024
d4682624-77e6-4a08-839f-808bf4ecfecb;iuqrnaq4dokims1;01.01.1970;pxosaa242g;99e2471a-d502-46f6-ab7b-e78fd5c8e0d8
5d7a7628-b573-459f-aba6-1be2e89115eb;yndev7e7wsfal4l;01.01.1970;xjz8hfmdnz;2ce2fe45-6629-46b3-9e5b-d854e267803b
6681fcc3-e69e-455c-bcba-0310e5f74df6;rl3n21nx68rfrpd;01.01.1970;t2axmjr1ix;c1737085-f6de-4df1-8ada-0b3b7df28f3d
572e2ac3-dee0-4abb-af83-a0cd5d340330;ialxnwhmlwf3oct;01.01.1970;jk6l8ju7rl;8b879fed-cd0b-4b85-8e21-899fbe069979
8cbfbe26-cf53-4d10-b698-a6d0a90dd1b6;lnyth5jvqww1e4j;01.01.1970;e87f1v6f2q;05c2c063-763f-419f-a2db-b5876c275f7e
4a165197-db25-4c37-af93-29153c38db49;bibpvuves4evyr3;01.01.1970;7vxlxyjz35;0da73aa3-01fb-4406-a6d2-9e3d5a93416a
93e7d56f-4e98-4452-a051-098a8869dfb9;suvty54m7qcu1fh;01.01.1970;m3hevc187g;df81b379-4a9a-4d39-b878-ede8063cd4da
bc448af8-77fe-4474-bb2b-06a1af000b08;h4yk0z38reoikf1;01.01.1970;0x86hcibvn;e083f01e-416d-48db-bed3-4378e788898f
87e108a2-0016-482b-a454-5beb92f47d0e;rtiaw6xpbhv5g60;01.01.1970;7oculk3bhi;d18fb1bd-9659-4307-9591-bb50dac6da97
fce6624b-150f-41b5-9d04-2bed236717f9;oik8m7p5uhuvrd5;01.01.1970;2uchndojcj;79c0749f-0489-49c7-af74-1783948c2b5a
dcdedef3-c448-4c45-b69a-df94b7652d56;78ahyh8rllae3ho;01.01.1970;dwon72t7yu;a7bf3fdd-c932-461e-8d4b-52d5ddcb7b4c
26fc0a0f-787b-4e12-83e9-0606784f871c;jrxsv242wt2tpg0;01.01.1970;5c2h7u6ill;a996dc48-2483-4e20-ae66-5184cd4f7e35
d54cea71-1616-4214-848c-b4f3937a9321;8mokbvngjldirmo;01.01.1970;3jdbjhhyer;ba0b5587-6e38-45dd-8372-098e8e57da98
bc2d6140-20e4-4b34-9177-b4987170d415;u2hc41d2123btfn;01.01.1970;qmerx3ujt4;af20983a-c4ef-4cc1-a996-bd028cc75d4b
4aca5bdc-97ea-40d3-8ecb-eeef411cec5d;by4i73hsgq4u301;01.01.1970;wpaajlk387;11c1e12b-e43e-4303-a20b-e8ccb73f36d1
303ee4e9-08ca-4ec9-9485-7c9bacd1c3f6;rqoby0lvit113i5;01.01.1970;187300qoez;f3ae2cd5-ac34-4e99-bccd-d9d11520a808
fd28e0c2-2701-46ca-a66c-480e8038115f;qwgk5ue0fbcl6dp;01.01.1970;2rcugkmc3m;3f923a2f-1d32-41c3-8f43-f447ca9c0efc
a4c45306-bd6f-45b0-bb52-e98603a9fd4e;cpkytiuphcz5ij0;01.01.1970;lx6327m6dc;fa6576a9-fbb4-4f50-ac72-fcf890ddc8e1
cb36ddca-a7d0-4c69-b0d6-21c0459f5c68;kyke48bhsi0mjp7;01.01.1970;mhw3ufdgen;55012561-89b4-433a-8fd9-117b0f64d32a
dde9e1f8-76e5-4fa3-9753-c45cf648025a;spkrlsx3x45tx8w;01.01.1970;2crfem6pqg;577c3dc8-b50f-4486-bbbe-0977802dd7e9
5219c026-5b5d-407d-9bdf-5c43d030b160;63k2xmakksv1yt3;01.01.1970;ep7ncqxiit;dcf4ea70-6017-4fa6-bcaf-5c55742c9533
29f4b40b-e1cc-4141-975a-e9a0a7897a79;ma2uff8pdfeskpy;01.01.1970;gdxe3bmpzv;27b53efc-119f-4c7c-874d-fe0572d3d925
71d9892a-ab69-4285-90a8-522bcbf79335;b2dgxkty3glk71y;01.01.1970;catfub1fav;1ebd69a9-0d36-4909-b914-9f5fd352ea4d
87fed7e6-379f-4d49-b4bb-eb01af6e397d;sidg1tpffgpbf0r;01.01.1970;nfehhz7356;fb682ddd-76fd-4a91-9043-b2ec382fb216
c64ccdaa-f4ec-4ee5-84a2-6641e2e62408;87ytoqmz6jwjlr7;01.01.1970;30ca4p0dt5;9d2210ff-01ee-4543-8b8f-3c15e46cc355
3d5d2cfe-e717-444a-8ac5-1aa018c6cea1;xhp0n35bu3ex4a8;01.01.1970;awrrpd3qea;ab67308a-889e-448e-ada3-0d64f4833a7d
0fa43eb8-d254-4c1a-8217-4e0908532fd6;6xorymncn5dm2a5;01.01.1970;csl7dggnin;e1bd4586-7896-4557-a313-9a9c3caabe18
ed726ea3-4c70-4262-915f-9e51fec4b17a;o1na6hx15wo5rm6;01.01.1970;6a5ws63p0i;824d3f37-8b38-44b1-8c67-a8a22a82ff40
3b7fa59f-210a-49ec-875a-96d229179fd9;wzkpxz6qvafhvz5;01.01.1970;pqjyn5g15i;c9ff4faf-4876-4122-9cec-ddb7d662f819
9191dee2-ef4e-47d9-8b60-de63a6d4057f;cvp368du0qyl8bb;01.01.1970;bjyqtegupg;3ecbf669-e707-4b76-be48-5191c1b27048
444cfe9f-7091-4ccf-9e26-0b741ff49de8;ys5nit0gmkaomr8;01.01.1970;8sb4r45wm6;8d3b3f82-8680-404a-a8c2-3bef9b8d76d6
e7af9f51-bd91-47e5-ae08-d2381b26f76b;kh5agv7ruforejw;01.01.1970;t865y27kqs;7e4121ca-53b3-46ae-90a8-a3f21b18bf8b
2bd454bd-529d-411a-a11e-f646a799a33b;07nf2xc1g1fvjey;01.01.1970;xs3hrc5wv0;f8ce22c7-be7a-49ae-8095-f5e79b7d0e02
ca708aeb-ec3a-4bcd-8dea-8ca646f01681;vhjbg5oohc16wgf;01.01.1970;wctl7me01n;d63dbbc6-b8f1-4b80-ae5a-6e3111a3da3c
24bb4224-4a8b-4809-a680-0d583d44887c;fzgmqoxpvfnku4b;01.01.1970;1e1xs1tshm;c0014b6f-8a5a-4234-b142-36782f1ae2ea
b5a76d80-79e5-4d1d-b2c5-30d949c35ff1;cmajf7dm3388kfe;01.01.1970;fqanrx44pz;243b3b3d-61dc-484c-ad0b-9a7378ed70af
0315b2ee-3131-4f57-b514-3eafc2235975;1dtdeth3ljr45yg;01.01.1970;r7oe4z06ud;e8d2ac18-3eab-442c-9e5d-51ca1320255a
731c8e4e-22f7-4965-9823-18dcfe27999d;bgzil0junc8mf2g;01.01.1970;fskquuvaml;8e157a20-a467-4fa6-ac1f-7671d0d1b33b
3c01f1b5-ab84-4770-b9dc-9f349603d47a;66uvt6zizhnwc5y;01.01.1970;7err2umjob;8ba5bd61-06b1-41df-850f-8653d6a3003c
e77c59d8-e683-49b5-8c6e-f560fb9f48c4;mwxuzfgakdvlvp6;01.01.1970;zi1mja75my;9e1cc001-ae9c-40e2-931d-60f8ff3fac6d
af2515e3-98f2-4658-8883-e20c5686734d;5e2pmve4skspmj4;01.01.1970;y4rcrptxwd;5bbc23da-1537-405e-92e9-fcb425d87904
c228f652-7871-4eb5-83d1-f3d49d4e6a62;ljib80lp77w17bq;01.01.1970;hain8zaad0;5878e9da-3fed-4ff8-b036-f7e4f8253e50
f95fd349-d1de-4294-bd09-737cfed253df;30ms7gifodjv5zy;01.01.1970;5iucroxkj0;03a0e1aa-dd3c-46d7-85b6-21666fd75336
b9528662-ff87-4159-865e-d50b201dd7b6;51fkdop5qzboz01;01.01.1970;kfakurq60q;d3da21bf-aacd-4217-b3f0-3cf3d1163044
a87bcf9b-d4bf-4653-b3ed-74008fab05af;tqt7datp5lxgjdt;01.01.1970;svc0nb1ad2;5b6ea1d2-57b5-4ae4-a220-e7c641a6de1d
f739f499-e88f-4fc9-b04d-598ccaebb6d3;lsunbzke1xulbo0;01.01.1970;6ddaontsib;6d46adba-1dfa-4fbe-810a-56231958bd54
bda2d5d9-3392-4f34-b33c-3478ec2cfbf5;j6ws7mbwbrenu02;01.01.1970;t04uv2b4af;32958733-e852-4afd-a573-8a67c02172d2
ea2da3eb-8347-418a-80ea-fd0b2e239b4c;trove6jhfeeqtxn;01.01.1970;cca8fehz83;fb75aa26-a33b-4457-90ff-45af77cca647
5d3b28e8-4456-499b-b610-9dd0bdcaf477;56w38uwivojr0bo;01.01.1970;1rz0c38w4a;b81e6061-30e6-41f1-bedc-6b8d721b4861
2f46faed-a615-45c4-a029-79469c8f5848;nf06l4gc5x8gtqa;01.01.1970;egmf601uhw;30eb15f8-28f4-43f6-b1c1-7b80f6dae775
94f9ba5b-7729-4aec-98c6-fc555aca5081;b6pd43dmkf8r46i;01.01.1970;k58skthl4i;9bc1c396-bbba-4409-9361-e2751a1eb109
0ef24634-5336-4648-b790-5bb97862cfc6;ime2jcy8iviwamo;01.01.1970;j0sjvz10ee;b2520ee1-31d3-49f8-aad9-79426476fa3c
9deb9336-4b0d-4806-a903-c40ea5e5d974;e2ysptq63cqskha;01.01.1970;k5ppirjpde;6e383d86-59d5-468e-bd7d-f8b4a1ac9292
12d101ea-3521-4ac4-aaa5-0dafb66490e0;7ku24fvt6wrfm4z;01.01.1970;c5btqcgx34;a50e8af5-91dd-4cbe-8864-edbe22feae73
e3667144-27f0-4e2e-942d-fa3dfab0db6b;8m0o3zwf2180f7u;01.01.1970;j0h20axjlo;d35f14bb-9fac-4344-9fea-e6a93ee50e5f
f37de5d3-ffc1-4f50-bafe-649bbff4a52e;3xfqha87ce1y5r5;01.01.1970;ylcqr1dqzm;b2aeedb6-ce98-4888-8f26-472f69a69273
11215798-5200-4412-97db-86f646fa14eb;zgbwuyqwrnmz8s0;01.01.1970;0an3r3p8xs;75507e05-1816-4611-97d0-2fe094863f7f
0acce44a-cd4a-4f7a-aed4-3a3aec760193;f7ltmtc1p2h6aim;01.01.1970;vmggqqf4pd;e730650a-95f2-436f-b9e0-75f88a30961c
af5f3f0a-f492-490a-a62b-5abb15868304;38ze8wvf1whgsgf;01.01.1970;zzxzxwko0u;d53383b0-b5d9-4a7c-8ac8-35e0beecc442
6468661c-8c3b-4df6-bccd-3f424153a1eb;15e4wjdr4lwjz6n;01.01.1970;d72x0hrouu;c33c1029-3b0f-47a9-a4ba-c760741434c6
93c40c81-5e80-4b85-aa82-8903282642ab;6xhlwnbelgvyw7b;01.01.1970;nzkujqkcql;2416cfbb-fef3-4337-9a79-a6d85eb6c2c1
198812dd-5c96-4750-83a5-7cdf4dedc7ae;mu2i74snkr3hta6;01.01.1970;1veguvuffo;f38a0220-5fe0-439f-95d3-313c683344f7
3532387d-ac6b-4e0d-8ad4-c0792ba9adbc;h6w3tbuch0ggncf;01.01.1970;exguideqjd;116baf74-cb6b-41e6-b841-e60cd3f2f21c
b468be64-31ea-46a4-a0d5-0f4cb101ffcb;v2nd8vwkzn3pzot;01.01.1970;gs5ewk35r5;bf2691df-45d9-46b7-b976-56c4307929cf
f60aa1fc-8301-4281-9f4a-262d55434ca6;pfrrqmpxymiujek;01.01.1970;svvv2nhw5l;065b68a0-94cf-4a25-9a7d-51bcea1f0a1c
fe2de54c-eb91-4016-be23-b7ce40c5115b;ykjpsrjo81n2xm0;01.01.1970;0mwl66huyn;f986aede-f029-4b86-bc5d-ecc706261a99
b0ae2746-c51d-4e14-9c07-8834c40aee59;3itux4kknv52im6;01.01.1970;uh8dvzs3u5;668e7a96-74f1-4011-9769-0408fd24811c
