de7849f3-b97d-4f98-9b19-a9725e6361ac;08.01.2018;14:30;MUC;CPT;SA100;FIRST
4c8b497b-0fcf-404b-b953-973089ad58e6;08.01.2018;14:30;MUC;CPT;SA100;FIRST
242bb727-cdaa-4988-8f37-19b8e5321829;08.01.2018;14:30;MUC;CPT;SA100;FIRST
01926e02-89c2-4df1-a5f3-ba7bf23c1597;08.01.2018;14:30;MUC;CPT;SA100;FIRST
89becfdc-9cb7-4b14-ad33-988fa8c438a1;08.01.2018;14:30;MUC;CPT;SA100;FIRST
f00fca4a-8c72-4804-80bc-66c210d6dc6c;08.01.2018;14:30;MUC;CPT;SA100;FIRST
233d53e6-0bd6-4a21-be53-0a3bb1f5209f;08.01.2018;14:30;MUC;CPT;SA100;FIRST
af4a2d4b-ef73-45d7-a9a2-e9f5ac2e4feb;08.01.2018;14:30;MUC;CPT;SA100;FIRST
a6182937-99b5-43ab-8074-bb08ef4ac3a1;08.01.2018;14:30;MUC;CPT;SA100;FIRST
7ea17370-17af-4b09-9d0e-cbcc3d4a590e;08.01.2018;14:30;MUC;CPT;SA100;FIRST
24247652-48ac-4257-8713-5b3c89a35413;08.01.2018;14:30;MUC;CPT;SA100;FIRST
b747e873-de94-4bd7-8f13-069f06ff8e05;08.01.2018;14:30;MUC;CPT;SA100;FIRST
26030e76-136f-4563-bb3a-4a259e21e097;08.01.2018;14:30;MUC;CPT;SA100;FIRST
b8322c65-1942-47d6-b7b4-6f0c70152b67;08.01.2018;14:30;MUC;CPT;SA100;FIRST
138174b2-4877-427e-8cad-ed557c47bd2d;08.01.2018;14:30;MUC;CPT;SA100;FIRST
7a8228d5-1e29-40ff-83a7-8e0189506101;08.01.2018;14:30;MUC;CPT;SA100;FIRST
2d590111-a396-414e-bd22-569eccef8472;08.01.2018;14:30;MUC;CPT;SA100;BUSINESS
8b2c066d-ebec-4c6c-b108-1cd09ed59f6a;08.01.2018;14:30;MUC;CPT;SA100;BUSINESS
2a1385a0-5233-4aa6-88f4-2de6f453c75e;08.01.2018;14:30;MUC;CPT;SA100;BUSINESS
cd6f3dd2-355d-435f-b8dd-e31c3b18a3f8;08.01.2018;14:30;MUC;CPT;SA100;BUSINESS
75c0b75c-e4a0-4006-adfe-96c8ceda48cf;08.01.2018;14:30;MUC;CPT;SA100;BUSINESS
3a275acf-9436-429e-a0c6-6a8247d55024;08.01.2018;14:30;MUC;CPT;SA100;BUSINESS
839c0797-86c6-4548-a0fa-d7b719e17e41;08.01.2018;14:30;MUC;CPT;SA100;BUSINESS
8bfd3dfe-5594-448b-a903-7cffecb27e0a;08.01.2018;14:30;MUC;CPT;SA100;BUSINESS
f6ec8d0c-58ca-411c-9d4c-964d9848248d;08.01.2018;14:30;MUC;CPT;SA100;BUSINESS
9809d748-6997-4e2e-9e5d-0a5fdcd98322;08.01.2018;14:30;MUC;CPT;SA100;BUSINESS
5a703235-343b-475a-baf9-fd0176027747;08.01.2018;14:30;MUC;CPT;SA100;BUSINESS
ced6b0c1-db62-4edb-983e-58486593368a;08.01.2018;14:30;MUC;CPT;SA100;BUSINESS
c4fc3c1b-6b54-4928-b5b2-f91a8495b9bf;08.01.2018;14:30;MUC;CPT;SA100;BUSINESS
7c3a1bc3-2bd8-4f18-a63b-87c282f71783;08.01.2018;14:30;MUC;CPT;SA100;BUSINESS
d7c7d6b1-c08e-4c68-8e24-cef198ab37a0;08.01.2018;14:30;MUC;CPT;SA100;BUSINESS
cb5d276e-4bb7-415b-a624-fb654008e3bf;08.01.2018;14:30;MUC;CPT;SA100;BUSINESS
375fe9a4-0036-45a5-9ad3-70beaa3b26a2;08.01.2018;14:30;MUC;CPT;SA100;BUSINESS
8881443b-1c92-447c-bfca-2acec7b1373a;08.01.2018;14:30;MUC;CPT;SA100;BUSINESS
e73cedeb-b223-4b87-9eef-adaf4bc7a514;08.01.2018;14:30;MUC;CPT;SA100;BUSINESS
a2702ce5-4b70-48df-88eb-44972a490910;08.01.2018;14:30;MUC;CPT;SA100;BUSINESS
e6e7d725-1d13-403d-af94-dad5b2daa597;08.01.2018;14:30;MUC;CPT;SA100;BUSINESS
547a57ea-870c-4cd6-9816-8460644db568;08.01.2018;14:30;MUC;CPT;SA100;BUSINESS
0b620165-bed6-425c-b5ff-027032612274;08.01.2018;14:30;MUC;CPT;SA100;BUSINESS
fbf7f976-33c3-4e51-8b09-a79662e05728;08.01.2018;14:30;MUC;CPT;SA100;BUSINESS
59890296-619c-4d70-8f09-9400eec17eaf;08.01.2018;14:30;MUC;CPT;SA100;BUSINESS
7b3bdc11-4b12-44ea-9a91-60d83fce1e86;08.01.2018;14:30;MUC;CPT;SA100;BUSINESS
839f38eb-2a20-4ce5-b2e0-bda237d79a11;08.01.2018;14:30;MUC;CPT;SA100;BUSINESS
7f80530e-4c1b-4823-bf36-4c87b1ee4a1d;08.01.2018;14:30;MUC;CPT;SA100;BUSINESS
19930b0c-237c-4e53-87df-150ed666fe07;08.01.2018;14:30;MUC;CPT;SA100;BUSINESS
4beb364f-6be2-4f94-ae3d-7c994897a3d4;08.01.2018;14:30;MUC;CPT;SA100;BUSINESS
c3baf10d-1e47-4673-a494-06ebe32cbaf9;08.01.2018;14:30;MUC;CPT;SA100;BUSINESS
57fcb952-6c08-485a-8981-e78d1034f741;08.01.2018;14:30;MUC;CPT;SA100;BUSINESS
b7bca944-a7e1-428d-b6c0-5bcfaf619c03;08.01.2018;14:30;MUC;CPT;SA100;BUSINESS
71ad6119-a3f6-4891-9b12-c9578bcc102a;08.01.2018;14:30;MUC;CPT;SA100;BUSINESS
3c161c38-afa1-4d08-8fbe-d5ad08eb4f85;08.01.2018;14:30;MUC;CPT;SA100;BUSINESS
5f22d2a7-eb44-4b83-9f36-97139c908e33;08.01.2018;14:30;MUC;CPT;SA100;BUSINESS
fef4d911-b9fa-407f-88bc-4dcbbe2e38c5;08.01.2018;14:30;MUC;CPT;SA100;BUSINESS
a25adebe-537f-4dd8-a625-a81f567b196f;08.01.2018;14:30;MUC;CPT;SA100;BUSINESS
fbe3a68c-d40e-4fd8-8f58-1f193a579a3d;08.01.2018;14:30;MUC;CPT;SA100;BUSINESS
d0d9c581-08b2-4141-9b08-2074eabc59a1;08.01.2018;14:30;MUC;CPT;SA100;BUSINESS
62bf70ca-2539-4c77-90a8-fa8c9cb89fb9;08.01.2018;14:30;MUC;CPT;SA100;BUSINESS
78c034e5-e113-4cb4-a59f-798734c51498;08.01.2018;14:30;MUC;CPT;SA100;BUSINESS
29f70416-a1b9-4be9-80a5-e74993a775db;08.01.2018;14:30;MUC;CPT;SA100;BUSINESS
1fbedb5d-d9be-4049-af82-9aa658eaf1e4;08.01.2018;14:30;MUC;CPT;SA100;BUSINESS
64ae9e83-b45a-45d3-83b5-ae0830ffd79d;08.01.2018;14:30;MUC;CPT;SA100;BUSINESS
dc1964e8-8c44-4c90-8d0f-603ef763b689;08.01.2018;14:30;MUC;CPT;SA100;BUSINESS
3e20fa79-95e1-4020-ac3f-2179cab6301e;08.01.2018;14:30;MUC;CPT;SA100;BUSINESS
8e8dbdc4-233c-443c-b094-a584738d6e9a;08.01.2018;14:30;MUC;CPT;SA100;BUSINESS
4575cd72-9ef9-4e5e-8083-c68766501655;08.01.2018;14:30;MUC;CPT;SA100;BUSINESS
f59c9aea-6b07-4c9c-b18b-d840f869b60f;08.01.2018;14:30;MUC;CPT;SA100;BUSINESS
5086d03d-48a4-4a5e-9a7c-f77e16b0c4e4;08.01.2018;14:30;MUC;CPT;SA100;BUSINESS
0036c882-e92d-417a-86b0-bbee2b0168d0;08.01.2018;14:30;MUC;CPT;SA100;BUSINESS
81c61870-515f-4344-b9af-f9ea7a4443eb;08.01.2018;14:30;MUC;CPT;SA100;BUSINESS
ba931173-57df-44ae-afdb-6332bba798e0;08.01.2018;14:30;MUC;CPT;SA100;BUSINESS
b6a386e0-11ec-4ef4-8feb-0d08a6e6e2d2;08.01.2018;14:30;MUC;CPT;SA100;BUSINESS
e2bedca1-69b7-4dd7-b9d8-c92f694e7e0c;08.01.2018;14:30;MUC;CPT;SA100;BUSINESS
3beb9ea0-ec17-47c8-b33a-9f5af086129f;08.01.2018;14:30;MUC;CPT;SA100;BUSINESS
5cc0e7a3-97af-4ae2-a47e-aa0c2102c04d;08.01.2018;14:30;MUC;CPT;SA100;BUSINESS
d09b0699-a037-4574-aa19-dccb1aef62fa;08.01.2018;14:30;MUC;CPT;SA100;BUSINESS
eab62413-e759-4b5d-aba6-9d7a89328389;08.01.2018;14:30;MUC;CPT;SA100;BUSINESS
9db6166c-5ab6-4ff4-b787-23768b382b7b;08.01.2018;14:30;MUC;CPT;SA100;BUSINESS
ea9500bb-ab1f-4299-80fa-2f74b2c36c9e;08.01.2018;14:30;MUC;CPT;SA100;BUSINESS
f13a0c21-c809-44a8-b8a8-fab763bb2545;08.01.2018;14:30;MUC;CPT;SA100;BUSINESS
c34345e8-6399-4575-96e2-982c07cd1829;08.01.2018;14:30;MUC;CPT;SA100;BUSINESS
67c2d56f-9036-4c69-a6f0-2001d612f05d;08.01.2018;14:30;MUC;CPT;SA100;BUSINESS
557d3b79-dcc5-45a1-a857-cf43de724a68;08.01.2018;14:30;MUC;CPT;SA100;BUSINESS
e23e9eff-c088-48f8-9fc4-8e8fb8d3e0b7;08.01.2018;14:30;MUC;CPT;SA100;BUSINESS
815a00b0-db2d-4627-adcf-29630ed5c9f2;08.01.2018;14:30;MUC;CPT;SA100;BUSINESS
7076b809-6d66-4c35-a1d1-b0cc73316ff6;08.01.2018;14:30;MUC;CPT;SA100;BUSINESS
467545f9-9619-4220-8219-b530324641ff;08.01.2018;14:30;MUC;CPT;SA100;BUSINESS
b5547cdb-6b91-4296-a789-15470de908b0;08.01.2018;14:30;MUC;CPT;SA100;BUSINESS
d74ce2f9-e94d-419a-809f-9539ef04cedb;08.01.2018;14:30;MUC;CPT;SA100;BUSINESS
9b2fc836-6e61-4f6e-80a6-1723b0d4e72f;08.01.2018;14:30;MUC;CPT;SA100;ECONOMY
0c8f5300-291b-4278-82ca-6b3331199908;08.01.2018;14:30;MUC;CPT;SA100;ECONOMY
7a7c1a9d-b403-487f-94d6-cc06b95ea505;08.01.2018;14:30;MUC;CPT;SA100;ECONOMY
0b4e97a2-03c2-48e8-987d-08893d7dd650;08.01.2018;14:30;MUC;CPT;SA100;ECONOMY
4f27099a-0f31-4eeb-add3-884b6c7c2c37;08.01.2018;14:30;MUC;CPT;SA100;ECONOMY
04ad5a3d-b709-4de2-8fae-8754edb4a020;08.01.2018;14:30;MUC;CPT;SA100;ECONOMY
e7653290-9adb-4dcb-a813-0019e03e0e12;08.01.2018;14:30;MUC;CPT;SA100;ECONOMY
0415cad9-978a-459f-b6bc-fff269af25e3;08.01.2018;14:30;MUC;CPT;SA100;ECONOMY
b1ca3ba9-f61f-4963-9f25-6b925556e074;08.01.2018;14:30;MUC;CPT;SA100;ECONOMY
2f3d59ae-5ae3-4154-92d8-44189dd8fe34;08.01.2018;14:30;MUC;CPT;SA100;ECONOMY
77b3c71d-1d35-4b53-9fce-d90c48da2133;08.01.2018;14:30;MUC;CPT;SA100;ECONOMY
909d8235-96af-4591-bed6-24611fa7e6cf;08.01.2018;14:30;MUC;CPT;SA100;ECONOMY
746fcdef-3736-4fb8-82d6-1450baf73f58;08.01.2018;14:30;MUC;CPT;SA100;ECONOMY
3e8313fc-8ee6-44a3-8be9-f9771fa359b8;08.01.2018;14:30;MUC;CPT;SA100;ECONOMY
c131ef81-4b98-439d-95d2-3e055016579f;08.01.2018;14:30;MUC;CPT;SA100;ECONOMY
cbae1dcb-99d8-4106-ac5c-bdf9314f3041;08.01.2018;14:30;MUC;CPT;SA100;ECONOMY
89a72594-2e0b-49a1-9e5e-88662ace8faf;08.01.2018;14:30;MUC;CPT;SA100;ECONOMY
8235af63-2259-40f3-a114-82137c81bb05;08.01.2018;14:30;MUC;CPT;SA100;ECONOMY
eb6f13c2-7631-4b4d-b8c1-fddd003f6bd2;08.01.2018;14:30;MUC;CPT;SA100;ECONOMY
ab8f31a0-f768-4e1e-b289-33f4c0a2528d;08.01.2018;14:30;MUC;CPT;SA100;ECONOMY
243246ce-3e62-432f-8d26-d5be2ddcc1d3;08.01.2018;14:30;MUC;CPT;SA100;ECONOMY
1ac992c3-9fb9-4cdc-b4ed-d4ce3f15eb21;08.01.2018;14:30;MUC;CPT;SA100;ECONOMY
b8829d84-bfa2-45ef-832b-a81180ba57bb;08.01.2018;14:30;MUC;CPT;SA100;ECONOMY
d5062d46-bc8b-4355-89fc-7f460c79e89d;08.01.2018;14:30;MUC;CPT;SA100;ECONOMY
4f1b4253-febc-4374-b066-30dc7552f598;08.01.2018;14:30;MUC;CPT;SA100;ECONOMY
fc377718-dfa1-4ccd-b5a4-026423487160;08.01.2018;14:30;MUC;CPT;SA100;ECONOMY
12946e9f-b15b-46cf-8d6c-ba23f63cc60b;08.01.2018;14:30;MUC;CPT;SA100;ECONOMY
8b96b07a-1067-454f-a868-34517781e508;08.01.2018;14:30;MUC;CPT;SA100;ECONOMY
afed357f-17dd-464d-a8c5-53befdb0e521;08.01.2018;14:30;MUC;CPT;SA100;ECONOMY
9db394be-bc5f-4592-ae57-ac15393efb19;08.01.2018;14:30;MUC;CPT;SA100;ECONOMY
7dfdbebf-9e86-484b-8b68-17be983d6311;08.01.2018;14:30;MUC;CPT;SA100;ECONOMY
b8536957-f69f-4cf8-ae12-3177f8b72a7e;08.01.2018;14:30;MUC;CPT;SA100;ECONOMY
b81f664b-4c4c-4b9f-90c9-18024180d0c2;08.01.2018;14:30;MUC;CPT;SA100;ECONOMY
da3443ea-d910-42c1-8c36-9913947cd5ce;08.01.2018;14:30;MUC;CPT;SA100;ECONOMY
7f4437ab-f868-4971-bb4b-f3cd5c49348c;08.01.2018;14:30;MUC;CPT;SA100;ECONOMY
66ceb704-5d24-406b-9d22-6fa965e48416;08.01.2018;14:30;MUC;CPT;SA100;ECONOMY
bd88cbb8-10aa-427f-96e8-569d9e4935b6;08.01.2018;14:30;MUC;CPT;SA100;ECONOMY
cb811817-5436-4c9c-accc-0cdfc2962686;08.01.2018;14:30;MUC;CPT;SA100;ECONOMY
1b742adc-2a3b-4348-8dae-63fd48a02c6a;08.01.2018;14:30;MUC;CPT;SA100;ECONOMY
02dc2b88-cda0-4836-88ff-44e6dfe0c1c3;08.01.2018;14:30;MUC;CPT;SA100;ECONOMY
b18ffc62-f0e1-464b-8126-5f83db7af75a;08.01.2018;14:30;MUC;CPT;SA100;ECONOMY
bc8f7265-1c9a-4aef-8fb8-a8cd8a0d2deb;08.01.2018;14:30;MUC;CPT;SA100;ECONOMY
76f75806-c969-4f9d-85e9-80f83eb83bec;08.01.2018;14:30;MUC;CPT;SA100;ECONOMY
fdf6aa0b-ac30-4d63-aaf2-b27214729ab7;08.01.2018;14:30;MUC;CPT;SA100;ECONOMY
b3050e2a-84d2-4cf8-9501-cbe92d764c70;08.01.2018;14:30;MUC;CPT;SA100;ECONOMY
260eea40-307c-434a-bb82-4d758b96aba8;08.01.2018;14:30;MUC;CPT;SA100;ECONOMY
1147b169-40e2-4a72-a48a-37e8ad7965eb;08.01.2018;14:30;MUC;CPT;SA100;ECONOMY
8605f7f4-55f8-4841-9cc0-68e8775ef43b;08.01.2018;14:30;MUC;CPT;SA100;ECONOMY
b45011ee-808f-4b69-b152-00ba15067b7a;08.01.2018;14:30;MUC;CPT;SA100;ECONOMY
cdc5d233-75e8-4755-a9bb-757cba83231e;08.01.2018;14:30;MUC;CPT;SA100;ECONOMY
eb8de880-8fb5-4cbe-b280-88f8128be461;08.01.2018;14:30;MUC;CPT;SA100;ECONOMY
a45f3822-4314-46d7-95bc-fa7db149b67f;08.01.2018;14:30;MUC;CPT;SA100;ECONOMY
b6559c92-714a-444e-9c29-571f7ede4fbb;08.01.2018;14:30;MUC;CPT;SA100;ECONOMY
dc08caa5-b677-4ab6-a60c-6de121720a38;08.01.2018;14:30;MUC;CPT;SA100;ECONOMY
feaae4ec-584b-46ae-8e35-cf593d6ed6c1;08.01.2018;14:30;MUC;CPT;SA100;ECONOMY
a001a8cf-811f-41d4-829b-c2f85cc05da4;08.01.2018;14:30;MUC;CPT;SA100;ECONOMY
ca6d76e0-a9f3-40c4-8158-592b8e90b6e1;08.01.2018;14:30;MUC;CPT;SA100;ECONOMY
089653b1-d042-419a-9751-38fbd0d2df47;08.01.2018;14:30;MUC;CPT;SA100;ECONOMY
ebe3de1e-eb4a-428d-b953-f24b0c75e888;08.01.2018;14:30;MUC;CPT;SA100;ECONOMY
1527222f-efeb-4a82-b847-f68aa8b1dad6;08.01.2018;14:30;MUC;CPT;SA100;ECONOMY
84e3d3aa-e72e-4df0-9ef6-16850f8fb0e0;08.01.2018;14:30;MUC;CPT;SA100;ECONOMY
62e39aea-579c-42e2-8252-2431b3fc05d8;08.01.2018;14:30;MUC;CPT;SA100;ECONOMY
5ef47ea1-c6d6-4d86-862d-d95981ecb5a9;08.01.2018;14:30;MUC;CPT;SA100;ECONOMY
357994ed-a111-4f26-8ef4-fdedefcc9b89;08.01.2018;14:30;MUC;CPT;SA100;ECONOMY
6d21cc39-f0d0-43cc-8677-0f8a34f01bfc;08.01.2018;14:30;MUC;CPT;SA100;ECONOMY
cd47ce29-5860-461c-8d4c-3db0753af77c;08.01.2018;14:30;MUC;CPT;SA100;ECONOMY
7af1d9c2-e262-407c-9415-f4445c6c09c2;08.01.2018;14:30;MUC;CPT;SA100;ECONOMY
cca6f5c7-78f0-4442-b6eb-02903f771a25;08.01.2018;14:30;MUC;CPT;SA100;ECONOMY
f6caf029-d3bc-4b4d-9c3a-9ca17759a6e7;08.01.2018;14:30;MUC;CPT;SA100;ECONOMY
f19a9619-38bf-475a-b218-04fd9ca880bd;08.01.2018;14:30;MUC;CPT;SA100;ECONOMY
a9477ef8-dd2d-49f7-a881-8c2df923d451;08.01.2018;14:30;MUC;CPT;SA100;ECONOMY
5a8dc264-40f6-4b0b-aa0f-e3969c44a54b;08.01.2018;14:30;MUC;CPT;SA100;ECONOMY
687dcadb-c9cc-46d0-a622-835f11c14e82;08.01.2018;14:30;MUC;CPT;SA100;ECONOMY
c748f2f2-430c-4c21-85de-62754dd2f31c;08.01.2018;14:30;MUC;CPT;SA100;ECONOMY
e88bb572-bf37-4b9a-90fc-deb527a50f8c;08.01.2018;14:30;MUC;CPT;SA100;ECONOMY
0a46b2b7-a832-46f8-8be5-2d3821c95e96;08.01.2018;14:30;MUC;CPT;SA100;ECONOMY
bb053987-0f33-4c50-a40e-fdd7bc09fc76;08.01.2018;14:30;MUC;CPT;SA100;ECONOMY
d9f85885-2d22-493b-a7d3-261463a74c29;08.01.2018;14:30;MUC;CPT;SA100;ECONOMY
04e7e6a8-643b-4af1-88b5-93fb20841ddf;08.01.2018;14:30;MUC;CPT;SA100;ECONOMY
7e8080bc-5bee-4e03-96c3-6fc8eb86057a;08.01.2018;14:30;MUC;CPT;SA100;ECONOMY
c0a4c903-b998-4c86-9a09-251d2acca767;08.01.2018;14:30;MUC;CPT;SA100;ECONOMY
78a56ef3-c6da-4d37-b833-504e7b73caf2;08.01.2018;14:30;MUC;CPT;SA100;ECONOMY
4f91f849-20e7-45c3-80d7-0b5d2953f15e;08.01.2018;14:30;MUC;CPT;SA100;ECONOMY
edbb2f23-06be-44e9-8929-5affe2b28ef3;08.01.2018;14:30;MUC;CPT;SA100;ECONOMY
6de39bff-3ab1-4aa6-a9af-0ad8f81a07af;08.01.2018;14:30;MUC;CPT;SA100;ECONOMY
30368c32-d7d6-4ded-9595-f7411bd9faf6;08.01.2018;14:30;MUC;CPT;SA100;ECONOMY
7f4a660d-2c90-4651-8450-20391d2979bb;08.01.2018;14:30;MUC;CPT;SA100;ECONOMY
24119a97-872e-4cea-993d-3ed11f2a064c;08.01.2018;14:30;MUC;CPT;SA100;ECONOMY
90ee9a46-2575-4167-8f78-bc32a28a75f2;08.01.2018;14:30;MUC;CPT;SA100;ECONOMY
6514295a-fcc7-478a-834a-e21a241416d5;08.01.2018;14:30;MUC;CPT;SA100;ECONOMY
27139dbb-607f-45d4-87ce-eebf220485e3;08.01.2018;14:30;MUC;CPT;SA100;ECONOMY
1915878e-895a-4552-851a-0918973ebde2;08.01.2018;14:30;MUC;CPT;SA100;ECONOMY
edc3dd15-ba00-4344-b751-7d9682155e89;08.01.2018;14:30;MUC;CPT;SA100;ECONOMY
df935c38-a946-4d52-b5db-6d96b6a6ecbe;08.01.2018;14:30;MUC;CPT;SA100;ECONOMY
95391811-5876-4698-b07c-617f78b79d4d;08.01.2018;14:30;MUC;CPT;SA100;ECONOMY
e576acb3-e4d1-497a-b026-09e84a2ade49;08.01.2018;14:30;MUC;CPT;SA100;ECONOMY
65a07a66-3bf3-49e5-9c5e-b36e308be5ce;08.01.2018;14:30;MUC;CPT;SA100;ECONOMY
034f8fd4-2c9a-4083-9f35-e63fd2af0342;08.01.2018;14:30;MUC;CPT;SA100;ECONOMY
311bbf20-2f9f-4291-8e53-f5a4b6597945;08.01.2018;14:30;MUC;CPT;SA100;ECONOMY
667fb91e-bc78-4561-a5c3-1bf128736a83;08.01.2018;14:30;MUC;CPT;SA100;ECONOMY
ea140851-cd4e-4fda-b548-f4df102a1f12;08.01.2018;14:30;MUC;CPT;SA100;ECONOMY
4c47d8d7-6e43-4c19-bb7f-ed93ab9cf354;08.01.2018;14:30;MUC;CPT;SA100;ECONOMY
e1743422-77c0-4a98-b795-04108b292326;08.01.2018;14:30;MUC;CPT;SA100;ECONOMY
aa2963f3-fc65-4f24-8966-f7a30ae73c9b;08.01.2018;14:30;MUC;CPT;SA100;ECONOMY
8fca25bc-b55f-42e5-aef7-87eb5bab43b9;08.01.2018;14:30;MUC;CPT;SA100;ECONOMY
90ae167d-da22-4b52-b3e0-00f9aa8b1bdc;08.01.2018;14:30;MUC;CPT;SA100;ECONOMY
4c9d9c27-9a36-4547-b4ff-5bf4b1c37b95;08.01.2018;14:30;MUC;CPT;SA100;ECONOMY
37e4c1a7-bc6e-46b7-b2b8-24789fb942b5;08.01.2018;14:30;MUC;CPT;SA100;ECONOMY
c6af18ce-8746-4e9a-a196-adf8e70905ff;08.01.2018;14:30;MUC;CPT;SA100;ECONOMY
498abf9d-e781-488e-a0e2-a7623fc7eabb;08.01.2018;14:30;MUC;CPT;SA100;ECONOMY
5b4d48c9-0c2a-4236-bbf8-11d39ea99f8d;08.01.2018;14:30;MUC;CPT;SA100;ECONOMY
29528c1f-87f5-42af-a68f-da50b75d08ee;08.01.2018;14:30;MUC;CPT;SA100;ECONOMY
add2103d-a092-4336-bf39-915dd8146e23;08.01.2018;14:30;MUC;CPT;SA100;ECONOMY
56002263-438f-40b0-83e3-0a8655d01834;08.01.2018;14:30;MUC;CPT;SA100;ECONOMY
af5b4682-4b53-4acc-8eee-5957acd3b60d;08.01.2018;14:30;MUC;CPT;SA100;ECONOMY
9e0457f7-a5fb-4db7-9071-7d4f124cc025;08.01.2018;14:30;MUC;CPT;SA100;ECONOMY
12c859f9-d623-4950-aaaa-ea224c9eecdb;08.01.2018;14:30;MUC;CPT;SA100;ECONOMY
b8519a8c-93a7-4c69-8df4-9d1e2ca9017a;08.01.2018;14:30;MUC;CPT;SA100;ECONOMY
80f6ca0b-2516-4343-8b80-785f12c876a1;08.01.2018;14:30;MUC;CPT;SA100;ECONOMY
c1909ff5-0071-429b-984f-46596cfd6ac0;08.01.2018;14:30;MUC;CPT;SA100;ECONOMY
66df0f44-c904-46e8-ba8c-5865b6ff4448;08.01.2018;14:30;MUC;CPT;SA100;ECONOMY
3615fd65-f724-4cc1-9bb6-8d543eff7d9b;08.01.2018;14:30;MUC;CPT;SA100;ECONOMY
8dcda540-90b2-487c-8d9b-8e80094ba369;08.01.2018;14:30;MUC;CPT;SA100;ECONOMY
167b1416-ebf8-479e-ab84-c04a21d8d0ba;08.01.2018;14:30;MUC;CPT;SA100;ECONOMY
f5e6523a-6bdb-414e-bbd3-93fa17c86c67;08.01.2018;14:30;MUC;CPT;SA100;ECONOMY
b093c01f-9e9e-450e-a8bf-128eb4eb9a2e;08.01.2018;14:30;MUC;CPT;SA100;ECONOMY
ff854e91-6635-4b61-9765-367edc1601ad;08.01.2018;14:30;MUC;CPT;SA100;ECONOMY
c6c64ea7-92ae-4357-9aa9-432044c06a24;08.01.2018;14:30;MUC;CPT;SA100;ECONOMY
75d1ce3c-0357-4885-b1c4-31004d5194cc;08.01.2018;14:30;MUC;CPT;SA100;ECONOMY
015dac89-dfff-4f02-8407-fb42a1566267;08.01.2018;14:30;MUC;CPT;SA100;ECONOMY
147fa116-1046-4017-8cce-6649f3b645e2;08.01.2018;14:30;MUC;CPT;SA100;ECONOMY
be3c4af2-60db-4bf8-ba99-7d442965eef3;08.01.2018;14:30;MUC;CPT;SA100;ECONOMY
25ff53e0-bf82-4bf4-8c4e-9520b2d29a82;08.01.2018;14:30;MUC;CPT;SA100;ECONOMY
0c380e60-5c1e-4aa9-8b29-78e5f9305931;08.01.2018;14:30;MUC;CPT;SA100;ECONOMY
be3c7864-e418-4c2e-aeb7-9010df4064c4;08.01.2018;14:30;MUC;CPT;SA100;ECONOMY
b806cf81-cc26-43ef-970c-cc71f70c82ea;08.01.2018;14:30;MUC;CPT;SA100;ECONOMY
abda9ae4-9240-47d2-ba61-a2570a17bd7b;08.01.2018;14:30;MUC;CPT;SA100;ECONOMY
47835aa6-9368-4f76-a951-2b6154696c60;08.01.2018;14:30;MUC;CPT;SA100;ECONOMY
2b0ddc16-b835-4d49-9950-099f3efe6d4d;08.01.2018;14:30;MUC;CPT;SA100;ECONOMY
e86819ee-f313-4513-af98-98c26fb4d781;08.01.2018;14:30;MUC;CPT;SA100;ECONOMY
007b5b7d-69ff-4dce-9e13-e64ba0ed923d;08.01.2018;14:30;MUC;CPT;SA100;ECONOMY
6f19a1f0-7f3f-4f03-8a12-0bb94f8fe046;08.01.2018;14:30;MUC;CPT;SA100;ECONOMY
3de2125a-934a-42ac-934e-90d46d6c0886;08.01.2018;14:30;MUC;CPT;SA100;ECONOMY
c82e60f9-62f8-44c6-a10b-8d84b1d50ca3;08.01.2018;14:30;MUC;CPT;SA100;ECONOMY
3d5bd493-a32a-47e2-99dc-55969ebd0cbc;08.01.2018;14:30;MUC;CPT;SA100;ECONOMY
92564615-f702-450a-bb68-83634fc1ec8e;08.01.2018;14:30;MUC;CPT;SA100;ECONOMY
8dfe0780-3777-4bb2-af06-7e71b7774a1b;08.01.2018;14:30;MUC;CPT;SA100;ECONOMY
64eba424-e5ed-4fdc-9d4d-63acd446439f;08.01.2018;14:30;MUC;CPT;SA100;ECONOMY
618cf3a8-0fe0-4996-8298-2f8f032ff87f;08.01.2018;14:30;MUC;CPT;SA100;ECONOMY
d71bb6f1-ba97-4db9-9fb7-9c89a2252a7e;08.01.2018;14:30;MUC;CPT;SA100;ECONOMY
670a79a5-1c77-4f9b-99fe-ba184c77db6a;08.01.2018;14:30;MUC;CPT;SA100;ECONOMY
cdbc9630-32f4-4613-ad3a-2ff9f76205fa;08.01.2018;14:30;MUC;CPT;SA100;ECONOMY
bdfbb332-bbe5-4612-98f8-ffd2803778a1;08.01.2018;14:30;MUC;CPT;SA100;ECONOMY
9897338e-35cd-461f-be9e-a8470687d323;08.01.2018;14:30;MUC;CPT;SA100;ECONOMY
e2f3e366-65e3-4773-b0c9-38dd8bed201b;08.01.2018;14:30;MUC;CPT;SA100;ECONOMY
fe530a2d-e2cb-4011-8bc8-ae117ddbd331;08.01.2018;14:30;MUC;CPT;SA100;ECONOMY
342be621-147a-4d39-a1d7-5c39e703ee57;08.01.2018;14:30;MUC;CPT;SA100;ECONOMY
9258a9f4-b295-4034-834e-3834351cb638;08.01.2018;14:30;MUC;CPT;SA100;ECONOMY
3e5af72d-0ac4-4d14-9f7d-e9d891a39225;08.01.2018;14:30;MUC;CPT;SA100;ECONOMY
dfa0a0b7-bebf-44f0-b909-2dedb4587df2;08.01.2018;14:30;MUC;CPT;SA100;ECONOMY
eb09a3c9-50dd-4117-bf59-e2150bb247d9;08.01.2018;14:30;MUC;CPT;SA100;ECONOMY
9c0a5506-df03-4807-8a07-2b5537343c95;08.01.2018;14:30;MUC;CPT;SA100;ECONOMY
cef3ef9c-e38f-4b86-a096-37dc36161134;08.01.2018;14:30;MUC;CPT;SA100;ECONOMY
7207dff2-098a-49f6-b559-7106afc98c30;08.01.2018;14:30;MUC;CPT;SA100;ECONOMY
d52f60af-99f2-45a9-9f08-2a7332708edb;08.01.2018;14:30;MUC;CPT;SA100;ECONOMY
2bcaf91a-a5dc-4d9d-859d-4e79d8e1de33;08.01.2018;14:30;MUC;CPT;SA100;ECONOMY
584e4326-9f1a-4c30-9f6e-80ab6b267f2c;08.01.2018;14:30;MUC;CPT;SA100;ECONOMY
3f07d9e2-08ba-4195-9d30-a55a6cc8c572;08.01.2018;14:30;MUC;CPT;SA100;ECONOMY
4efca4d7-599f-4c7f-9e1d-1cb52a4f03c7;08.01.2018;14:30;MUC;CPT;SA100;ECONOMY
770f4b46-96e8-437e-88fa-6daa98887f06;08.01.2018;14:30;MUC;CPT;SA100;ECONOMY
fc3a2063-20f2-41b7-b963-27029119ff9c;08.01.2018;14:30;MUC;CPT;SA100;ECONOMY
a9d8d32c-ba43-45e0-b6e4-9e29f20e07e0;08.01.2018;14:30;MUC;CPT;SA100;ECONOMY
475db12b-54af-4a1b-9678-5d4b05471d1d;08.01.2018;14:30;MUC;CPT;SA100;ECONOMY
abf62918-1330-4050-8d82-9a871cbba8fb;08.01.2018;14:30;MUC;CPT;SA100;ECONOMY
9d25e331-7d45-415c-9a43-d7e64ce44fdd;08.01.2018;14:30;MUC;CPT;SA100;ECONOMY
b9b9b399-0245-433d-be9b-81434bd71c6c;08.01.2018;14:30;MUC;CPT;SA100;ECONOMY
13f74488-5e74-43fa-8eee-85fc1bfece76;08.01.2018;14:30;MUC;CPT;SA100;ECONOMY
a0539eb6-6e47-4ec3-9baa-1000c217e31a;08.01.2018;14:30;MUC;CPT;SA100;ECONOMY
fbf2fd5f-7dcc-4592-8d8f-f39ad4ea0b36;08.01.2018;14:30;MUC;CPT;SA100;ECONOMY
b66be5ac-37f4-40e3-b672-c9294ed556db;08.01.2018;14:30;MUC;CPT;SA100;ECONOMY
d5e022b0-bc29-4581-9cf2-713407b1da86;08.01.2018;14:30;MUC;CPT;SA100;ECONOMY
598af975-0bfa-4fc0-9bee-9247bfcca437;08.01.2018;14:30;MUC;CPT;SA100;ECONOMY
2cff7a8c-d822-4528-af39-e86fdf8fdc95;08.01.2018;14:30;MUC;CPT;SA100;ECONOMY
1bc4914b-6e98-4858-89e1-6f87045e815e;08.01.2018;14:30;MUC;CPT;SA100;ECONOMY
bd3c7b27-d0c4-493e-bd93-05c4a6e6b18b;08.01.2018;14:30;MUC;CPT;SA100;ECONOMY
36f9ff76-2f9a-4ff3-8dc3-d81271bcdb54;08.01.2018;14:30;MUC;CPT;SA100;ECONOMY
8c60da6f-3b72-4094-80ea-2ad078a0e5a9;08.01.2018;14:30;MUC;CPT;SA100;ECONOMY
24597721-1913-49ef-8f73-0bcf5fa2d04b;08.01.2018;14:30;MUC;CPT;SA100;ECONOMY
a51c8859-45c1-4fa9-9fb0-2871c1537777;08.01.2018;14:30;MUC;CPT;SA100;ECONOMY
db5a6614-af73-461c-8dda-49f739b6bc0a;08.01.2018;14:30;MUC;CPT;SA100;ECONOMY
7cfbaaab-f8ba-4f11-8f3b-9cf9dc151e2c;08.01.2018;14:30;MUC;CPT;SA100;ECONOMY
5579de28-e4e9-4be5-9256-189a77355427;08.01.2018;14:30;MUC;CPT;SA100;ECONOMY
c3abd600-1c76-4040-b6b6-c0ced3684c02;08.01.2018;14:30;MUC;CPT;SA100;ECONOMY
ad858299-c17e-4b41-bb0d-d20b265d482a;08.01.2018;14:30;MUC;CPT;SA100;ECONOMY
279e61a1-e2c5-469d-b012-c0a19b3bb2ea;08.01.2018;14:30;MUC;CPT;SA100;ECONOMY
9c4df6d2-14ed-42d7-a5f6-c3bc1df3d1c3;08.01.2018;14:30;MUC;CPT;SA100;ECONOMY
0514eed5-c934-4ee4-bf97-58da5f6da6eb;08.01.2018;14:30;MUC;CPT;SA100;ECONOMY
08d3acfc-6187-4d2d-aba0-04a49b783656;08.01.2018;14:30;MUC;CPT;SA100;ECONOMY
208c0f46-b895-4008-9ca6-477d6d059ebe;08.01.2018;14:30;MUC;CPT;SA100;ECONOMY
5ab9a445-a466-4b29-bf57-d9912f7acefd;08.01.2018;14:30;MUC;CPT;SA100;ECONOMY
6c2ac077-4ef4-4281-8d41-8f27628e720c;08.01.2018;14:30;MUC;CPT;SA100;ECONOMY
6bdd1767-23ae-43d9-8a9f-95636d992bb4;08.01.2018;14:30;MUC;CPT;SA100;ECONOMY
9da2b62e-291e-4e6e-a6e4-b856f5713f6d;08.01.2018;14:30;MUC;CPT;SA100;ECONOMY
0c049df4-2c67-4f50-95f9-930bdad8de58;08.01.2018;14:30;MUC;CPT;SA100;ECONOMY
efa5f7ca-0aa6-4817-98c8-20160e976874;08.01.2018;14:30;MUC;CPT;SA100;ECONOMY
a8d6b075-6a33-4aad-8c1f-22d66f691eef;08.01.2018;14:30;MUC;CPT;SA100;ECONOMY
9b919061-1d31-4d9f-a7c7-fe800ac12146;08.01.2018;14:30;MUC;CPT;SA100;ECONOMY
81bcca3e-62da-48ce-9d40-4b813085c531;08.01.2018;14:30;MUC;CPT;SA100;ECONOMY
3237795e-bb0a-478e-a627-82def5370549;08.01.2018;14:30;MUC;CPT;SA100;ECONOMY
483ed079-d128-4323-a929-4f92bb78f7a8;08.01.2018;14:30;MUC;CPT;SA100;ECONOMY
2348e37e-31b1-4cd8-89da-8d29b8c64391;08.01.2018;14:30;MUC;CPT;SA100;ECONOMY
85e0467c-12cd-466a-8a47-9323757610b1;08.01.2018;14:30;MUC;CPT;SA100;ECONOMY
ad65e487-dba5-4df0-942d-2151c4db4f75;08.01.2018;14:30;MUC;CPT;SA100;ECONOMY
f7aa5ee9-c882-4497-875b-108d5d4c58cf;08.01.2018;14:30;MUC;CPT;SA100;ECONOMY
1f4c91b7-dfb4-455a-94e0-6de9087d12ee;08.01.2018;14:30;MUC;CPT;SA100;ECONOMY
99439da4-f2b6-4a7a-b92a-6ac6c1fbb74a;08.01.2018;14:30;MUC;CPT;SA100;ECONOMY
aa62a71a-3ddc-40ff-aac2-1a3765be595f;08.01.2018;14:30;MUC;CPT;SA100;ECONOMY
be4ab19a-cd6b-41da-ab91-856e4cabb5c5;08.01.2018;14:30;MUC;CPT;SA100;ECONOMY
64db7c85-8d33-4760-921c-770e1bc33f71;08.01.2018;14:30;MUC;CPT;SA100;ECONOMY
f6e46734-5aca-4b87-9990-5358fc8ae1e0;08.01.2018;14:30;MUC;CPT;SA100;ECONOMY
16296f76-57d1-41b9-8ac5-4fec2a57af30;08.01.2018;14:30;MUC;CPT;SA100;ECONOMY
7d041cca-acbd-4422-b782-1f13accf3b51;08.01.2018;14:30;MUC;CPT;SA100;ECONOMY
9e0e19cb-9442-4c30-b564-8d2dbfb734b5;08.01.2018;14:30;MUC;CPT;SA100;ECONOMY
43a80060-deba-4be2-a617-21b0ad6e79a7;08.01.2018;14:30;MUC;CPT;SA100;ECONOMY
df74ca45-6c98-4971-ac49-3a1ec1e96dd3;08.01.2018;14:30;MUC;CPT;SA100;ECONOMY
1e395442-5722-4c2d-82e0-cb5d06135a7c;08.01.2018;14:30;MUC;CPT;SA100;ECONOMY
144cf4c8-9e1a-4f20-8233-5431cf31754f;08.01.2018;14:30;MUC;CPT;SA100;ECONOMY
e3ca006c-6f82-4f65-bcd7-958417b93e7e;08.01.2018;14:30;MUC;CPT;SA100;ECONOMY
307c3be4-f9c7-4c0d-8524-b92274ee9328;08.01.2018;14:30;MUC;CPT;SA100;ECONOMY
87bac9ee-353f-45f5-a41d-2254f399b073;08.01.2018;14:30;MUC;CPT;SA100;ECONOMY
3bfd190c-3fc7-4ef9-a2c7-50fcaed8b7bd;08.01.2018;14:30;MUC;CPT;SA100;ECONOMY
41d5066c-4ce9-4d63-94ad-ef3b16711fde;08.01.2018;14:30;MUC;CPT;SA100;ECONOMY
e0d59398-57eb-44c9-88a9-d6354d8a98eb;08.01.2018;14:30;MUC;CPT;SA100;ECONOMY
7bd9cf8b-a25a-42bd-8581-fff5616f91f0;08.01.2018;14:30;MUC;CPT;SA100;ECONOMY
cd6e3fb1-2f84-4488-875a-bfabc412d285;08.01.2018;14:30;MUC;CPT;SA100;ECONOMY
0c9631d4-77b7-45e0-96e3-6e86956d8238;08.01.2018;14:30;MUC;CPT;SA100;ECONOMY
b4aa497f-bda6-442c-93d5-06e43f4a4568;08.01.2018;14:30;MUC;CPT;SA100;ECONOMY
3df21e11-84dc-44e5-bf95-f87163541216;08.01.2018;14:30;MUC;CPT;SA100;ECONOMY
b65b1aca-2307-4f8f-94aa-7bbed115bd05;08.01.2018;14:30;MUC;CPT;SA100;ECONOMY
f4435ee1-5309-49cb-99c8-b392dce1ebcf;08.01.2018;14:30;MUC;CPT;SA100;ECONOMY
63adf005-ea24-4968-abda-a6ce69358b7b;08.01.2018;14:30;MUC;CPT;SA100;ECONOMY
b78b4696-1fd2-4a79-9de9-b2c3193ba1bc;08.01.2018;14:30;MUC;CPT;SA100;ECONOMY
a0457aa0-5508-49ab-b836-6469cc402da0;08.01.2018;14:30;MUC;CPT;SA100;ECONOMY
01ca655f-e0fb-4bbe-9899-87e056cfcc24;08.01.2018;14:30;MUC;CPT;SA100;ECONOMY
6478ed33-8593-496a-8790-d8820bbf1c3c;08.01.2018;14:30;MUC;CPT;SA100;ECONOMY
46052544-dfde-405d-8522-34d60d8427b0;08.01.2018;14:30;MUC;CPT;SA100;ECONOMY
af030ddc-2c67-4139-9e47-e5ddbc95b881;08.01.2018;14:30;MUC;CPT;SA100;ECONOMY
e2cbc0e2-b908-4aac-b2dc-101c823ebdcd;08.01.2018;14:30;MUC;CPT;SA100;ECONOMY
51e665c0-ef81-453e-94c7-46a6058e718a;08.01.2018;14:30;MUC;CPT;SA100;ECONOMY
2a51b8c9-6e29-443d-9f70-d6a743e7173e;08.01.2018;14:30;MUC;CPT;SA100;ECONOMY
3d06c600-ced6-402d-8d72-4b4ba2924efb;08.01.2018;14:30;MUC;CPT;SA100;ECONOMY
df69780f-08f0-4215-82f6-fbe2ba6be549;08.01.2018;14:30;MUC;CPT;SA100;ECONOMY
60fcaa0f-7670-44a3-ba86-40716a523761;08.01.2018;14:30;MUC;CPT;SA100;ECONOMY
ede29724-3363-4d15-bdc2-cb2afb1b449d;08.01.2018;14:30;MUC;CPT;SA100;ECONOMY
32de9697-3fd6-43d0-b40a-533fd62a2c6b;08.01.2018;14:30;MUC;CPT;SA100;ECONOMY
c3050144-938a-4f0e-9c37-da0f2c309b22;08.01.2018;14:30;MUC;CPT;SA100;ECONOMY
f9edd26d-1048-45ca-b592-28ef37b1480b;08.01.2018;14:30;MUC;CPT;SA100;ECONOMY
368badb5-9ae3-4d61-b770-ee038360618a;08.01.2018;14:30;MUC;CPT;SA100;ECONOMY
a4246952-9daf-4fc0-8b17-f600fa4fe77f;08.01.2018;14:30;MUC;CPT;SA100;ECONOMY
9bf0c2ca-4119-4706-b294-0bf14d51beff;08.01.2018;14:30;MUC;CPT;SA100;ECONOMY
6138e60c-aeec-4cfc-8ad5-95f5d68adfdd;08.01.2018;14:30;MUC;CPT;SA100;ECONOMY
2f756b2c-5b6f-4aae-9fe4-54842fb112a0;08.01.2018;14:30;MUC;CPT;SA100;ECONOMY
5b0f1624-cf4f-48ed-af75-f931916346a6;08.01.2018;14:30;MUC;CPT;SA100;ECONOMY
03cd0ba0-bf12-418b-affa-ce919ef6dc7c;08.01.2018;14:30;MUC;CPT;SA100;ECONOMY
8f15fe07-e27d-42c3-a031-331d7bab2c32;08.01.2018;14:30;MUC;CPT;SA100;ECONOMY
d904b901-ca53-4b43-b193-140bed7b9b24;08.01.2018;14:30;MUC;CPT;SA100;ECONOMY
1085f3f7-a6fb-419f-b63b-9b9bde0ca6d3;08.01.2018;14:30;MUC;CPT;SA100;ECONOMY
b57eb9fa-f3ea-4543-8c15-d7c615334952;08.01.2018;14:30;MUC;CPT;SA100;ECONOMY
7ef5816a-7130-4beb-aa2c-4d0aeab31f42;08.01.2018;14:30;MUC;CPT;SA100;ECONOMY
ed41e3d1-366a-4596-a2de-95d70c3c24cf;08.01.2018;14:30;MUC;CPT;SA100;ECONOMY
9202b12b-33bd-40cb-a465-27ce83edff1b;08.01.2018;14:30;MUC;CPT;SA100;ECONOMY
3a4fc0ad-998c-4264-ba1e-1e66a5d0137b;08.01.2018;14:30;MUC;CPT;SA100;ECONOMY
14155e3e-0e90-44be-823c-e8eba57abb77;08.01.2018;14:30;MUC;CPT;SA100;ECONOMY
5e1590ab-aa9d-45d9-b133-23a61916dd65;08.01.2018;14:30;MUC;CPT;SA100;ECONOMY
bf106d32-575b-4648-ae69-6554048e56a9;08.01.2018;14:30;MUC;CPT;SA100;ECONOMY
2b62e624-84ed-4d7f-a8e7-b877d484d4f9;08.01.2018;14:30;MUC;CPT;SA100;ECONOMY
4322810a-b10c-4efe-933c-8e661432c2ca;08.01.2018;14:30;MUC;CPT;SA100;ECONOMY
2808e456-250d-4eda-8c1d-abb23972c8b7;08.01.2018;14:30;MUC;CPT;SA100;ECONOMY
53084204-b62b-409b-b15e-3961046ce6b5;08.01.2018;14:30;MUC;CPT;SA100;ECONOMY
41af0565-ecdb-45f5-8510-39792dfd3bc2;08.01.2018;14:30;MUC;CPT;SA100;ECONOMY
26436c33-a760-48a5-8610-3f5cc845f9ec;08.01.2018;14:30;MUC;CPT;SA100;ECONOMY
010f4ab9-cfb7-4001-bae4-c3ffc5b6b520;08.01.2018;14:30;MUC;CPT;SA100;ECONOMY
e0cd58c7-e2c2-48e9-b013-e30cee6eb034;08.01.2018;14:30;MUC;CPT;SA100;ECONOMY
c0974f77-f332-43db-955e-87d41c52366f;08.01.2018;14:30;MUC;CPT;SA100;ECONOMY
ddb36033-ea5d-435c-8ab6-28464fd95ea5;08.01.2018;14:30;MUC;CPT;SA100;ECONOMY
ba3e47dc-3966-4b92-a1a4-fa654a8ba8e1;08.01.2018;14:30;MUC;CPT;SA100;ECONOMY
39d7dcd4-32bf-410e-b960-208444279021;08.01.2018;14:30;MUC;CPT;SA100;ECONOMY
eb4e77ea-d408-4d23-aa43-b2e9b8393f99;08.01.2018;14:30;MUC;CPT;SA100;ECONOMY
c23515ba-5496-4187-b45a-1be09b3386d7;08.01.2018;14:30;MUC;CPT;SA100;ECONOMY
228b9d39-477c-491b-8660-d227e841c812;08.01.2018;14:30;MUC;CPT;SA100;ECONOMY
2ee07538-fdec-4fca-9ec5-608c987f2c15;08.01.2018;14:30;MUC;CPT;SA100;ECONOMY
684cb1be-4f95-4f78-ac7c-f0f9db99e4b9;08.01.2018;14:30;MUC;CPT;SA100;ECONOMY
9398fab1-62a4-43a5-b82e-94910053ef9d;08.01.2018;14:30;MUC;CPT;SA100;ECONOMY
8796305d-9d63-4146-b76b-82c0ffe5f233;08.01.2018;14:30;MUC;CPT;SA100;ECONOMY
9d019bda-aa7e-4e44-9bc1-6ccbff5139f6;08.01.2018;14:30;MUC;CPT;SA100;ECONOMY
38d97a75-7113-4542-ab3b-081c0b9c00f5;08.01.2018;14:30;MUC;CPT;SA100;ECONOMY
6834bfeb-aad4-4072-845c-21febb7e8b4f;08.01.2018;14:30;MUC;CPT;SA100;ECONOMY
8ded9b12-0ac5-4bd0-9b9e-4388db2d3b6f;08.01.2018;14:30;MUC;CPT;SA100;ECONOMY
85b90322-ebb3-4e95-902a-f7f6c27f0fc1;08.01.2018;14:30;MUC;CPT;SA100;ECONOMY
445bafa6-e639-4d60-8a2e-ae97b04dfa53;08.01.2018;14:30;MUC;CPT;SA100;ECONOMY
499092f9-9800-4d4e-a060-0c5d4e7b6029;08.01.2018;14:30;MUC;CPT;SA100;ECONOMY
10549e1c-2be7-4a2f-980c-1969f5493488;08.01.2018;14:30;MUC;CPT;SA100;ECONOMY
14050766-2cac-44f6-ad7c-5769e03cd894;08.01.2018;14:30;MUC;CPT;SA100;ECONOMY
2ee7e83e-ed45-40b0-9519-309c7bed5376;08.01.2018;14:30;MUC;CPT;SA100;ECONOMY
9ecbd1f0-7de4-4014-8d35-e9d65bf98141;08.01.2018;14:30;MUC;CPT;SA100;ECONOMY
13496e14-730d-414b-9790-2be07ba70c3c;08.01.2018;14:30;MUC;CPT;SA100;ECONOMY
9c7a1bef-5961-44d8-b5c3-a19b9307054e;08.01.2018;14:30;MUC;CPT;SA100;ECONOMY
1a6a45e0-8bee-4f9a-9cca-a8edd889d518;08.01.2018;14:30;MUC;CPT;SA100;ECONOMY
faa4cb0c-ddbc-40ed-a62b-c1762079a7cf;08.01.2018;14:30;MUC;CPT;SA100;ECONOMY
04f3d4bf-af58-4eb7-b4e5-84ba672eba11;08.01.2018;14:30;MUC;CPT;SA100;ECONOMY
aa329ba4-869f-4551-9286-1400929973ed;08.01.2018;14:30;MUC;CPT;SA100;ECONOMY
19265d9c-a710-46d2-9847-ecca13c980cc;08.01.2018;14:30;MUC;CPT;SA100;ECONOMY
56669427-27c5-4a69-bdba-92305028a5dc;08.01.2018;14:30;MUC;CPT;SA100;ECONOMY
e7be772b-4ae0-4609-af8f-deb03b3a2cbb;08.01.2018;14:30;MUC;CPT;SA100;ECONOMY
e2e8d239-999d-4fbd-ba09-29bcbed74ff6;08.01.2018;14:30;MUC;CPT;SA100;ECONOMY
528226ca-d99b-49af-b154-ca04079222da;08.01.2018;14:30;MUC;CPT;SA100;ECONOMY
1d9421af-046c-46ec-ac6c-844e7e7b5585;08.01.2018;14:30;MUC;CPT;SA100;ECONOMY
b68cc471-8695-4f7c-b8c8-70eddfb534dd;08.01.2018;14:30;MUC;CPT;SA100;ECONOMY
0f79edd4-5bb6-4d4e-9ff5-1068461359e2;08.01.2018;14:30;MUC;CPT;SA100;ECONOMY
203ac306-8ced-4559-89ef-b95aadaeb14c;08.01.2018;14:30;MUC;CPT;SA100;ECONOMY
0b08b210-842d-4f13-bc54-3201ab5972c5;08.01.2018;14:30;MUC;CPT;SA100;ECONOMY
2d847695-31fd-4ac7-9048-1422aaa22447;08.01.2018;14:30;MUC;CPT;SA100;ECONOMY
6f9037ac-19d6-4c51-affb-b525b8f6b3ec;08.01.2018;14:30;MUC;CPT;SA100;ECONOMY
66761617-d810-4ecf-92f6-29596ec2a27d;08.01.2018;14:30;MUC;CPT;SA100;ECONOMY
efa1e3fa-033b-43bf-9a9e-efb861ec8a59;08.01.2018;14:30;MUC;CPT;SA100;ECONOMY
2a2e0988-dcc5-4bcf-ab6b-73b655c16a5d;08.01.2018;14:30;MUC;CPT;SA100;ECONOMY
9737ee8c-6228-4e4d-9f61-ef16baecd214;08.01.2018;14:30;MUC;CPT;SA100;ECONOMY
154642e6-7c23-45df-8be1-9b4c532d11d2;08.01.2018;14:30;MUC;CPT;SA100;ECONOMY
627a23b6-dd9d-4839-a4fc-cddcb6deec14;08.01.2018;14:30;MUC;CPT;SA100;ECONOMY
43c0201d-353b-43a8-bffe-ece0ebea27ce;08.01.2018;14:30;MUC;CPT;SA100;ECONOMY
71651f8c-fed7-4a98-8246-1755ebca09b6;08.01.2018;14:30;MUC;CPT;SA100;ECONOMY
736fd105-1d25-4c7d-8a1e-cd754f9c3f75;08.01.2018;14:30;MUC;CPT;SA100;ECONOMY
b1101aad-3565-4494-9f1a-b4cfd4e86f23;08.01.2018;14:30;MUC;CPT;SA100;ECONOMY
91d0ac92-18dd-4269-8f9a-b5ea0ecf7f4b;08.01.2018;14:30;MUC;CPT;SA100;ECONOMY
5067a1e9-78f4-49d0-9eb4-4dd777114bd1;08.01.2018;14:30;MUC;CPT;SA100;ECONOMY
db248397-ac1e-4ba1-acf4-3855f9161a12;08.01.2018;14:30;MUC;CPT;SA100;ECONOMY
940b4d77-6bb6-407d-8bae-89682078a718;08.01.2018;14:30;MUC;CPT;SA100;ECONOMY
47c2fe37-0642-43fc-8b58-7b437579a6dc;08.01.2018;14:30;MUC;CPT;SA100;ECONOMY
8e605b07-7d9b-4061-a654-a917148e5298;08.01.2018;14:30;MUC;CPT;SA100;ECONOMY
321cd1bc-6162-481a-b7eb-d5277ae44a52;08.01.2018;14:30;MUC;CPT;SA100;ECONOMY
521e6022-d646-4e60-9b80-4afc699b500f;08.01.2018;14:30;MUC;CPT;SA100;ECONOMY
0e941113-7da4-4101-beea-1a35757257df;08.01.2018;14:30;MUC;CPT;SA100;ECONOMY
721f8f13-967d-4002-bbd3-4f9288d25fb9;08.01.2018;14:30;MUC;CPT;SA100;ECONOMY
91e7e759-07ed-4ac2-a45a-d9afaae5e45e;08.01.2018;14:30;MUC;CPT;SA100;ECONOMY
88b918cd-afb4-4738-af6b-4b9de04d022c;08.01.2018;14:30;MUC;CPT;SA100;ECONOMY
a8addf63-dd6d-4f61-a431-324f55f79ad0;08.01.2018;14:30;MUC;CPT;SA100;ECONOMY
0fd5eac6-e363-4e0f-a736-87f3a1b9928d;08.01.2018;14:30;MUC;CPT;SA100;ECONOMY
83446b49-78b7-4083-b16b-f2c28f28e187;08.01.2018;14:30;MUC;CPT;SA100;ECONOMY
8215a74d-96f4-470a-868d-1908524ea438;08.01.2018;14:30;MUC;CPT;SA100;ECONOMY
73aee058-e8b1-4bbc-9b4c-589c4d499d41;08.01.2018;14:30;MUC;CPT;SA100;ECONOMY
ceb5cf58-459b-434a-b0b7-e3861575dc8e;08.01.2018;14:30;MUC;CPT;SA100;ECONOMY
b5371550-f216-449b-ac9d-a8ade00009cb;08.01.2018;14:30;MUC;CPT;SA100;ECONOMY
422dfe7e-ffe5-45a6-9341-1a71aa5db816;08.01.2018;14:30;MUC;CPT;SA100;ECONOMY
71d1cbc1-0ee9-4f67-ad93-254ace3cb777;08.01.2018;14:30;MUC;CPT;SA100;ECONOMY
d23cad56-bc2a-4f17-8368-45595149bdb5;08.01.2018;14:30;MUC;CPT;SA100;ECONOMY
5cfdd013-331f-444a-8716-db19a2eedbb2;08.01.2018;14:30;MUC;CPT;SA100;ECONOMY
bebd14c1-0943-4bc6-9fcd-6c66ded3e2a6;08.01.2018;14:30;MUC;CPT;SA100;ECONOMY
4bb51edf-8e5f-41c6-83d7-7c55559acebf;08.01.2018;14:30;MUC;CPT;SA100;ECONOMY
1fbcd176-525e-4d31-9b35-ce84d4a81a5d;08.01.2018;14:30;MUC;CPT;SA100;ECONOMY
2c817d2a-1ac8-4255-8685-191fe62c7a7d;08.01.2018;14:30;MUC;CPT;SA100;ECONOMY
4d2f7fe7-575d-4067-aa56-a8564f8486a0;08.01.2018;14:30;MUC;CPT;SA100;ECONOMY
4482d827-0159-4d8e-8f50-63258c06497b;08.01.2018;14:30;MUC;CPT;SA100;ECONOMY
0510e3a0-165c-4809-ae0f-dace40866115;08.01.2018;14:30;MUC;CPT;SA100;ECONOMY
0bb2e192-0ba4-4bd3-a9d2-ec1fa9f07e1a;08.01.2018;14:30;MUC;CPT;SA100;ECONOMY
ae2f7d92-5064-4532-8a40-aee67a2e24ca;08.01.2018;14:30;MUC;CPT;SA100;ECONOMY
6101c686-d0c0-4d50-aa20-1ae41fa77419;08.01.2018;14:30;MUC;CPT;SA100;ECONOMY
d1dcf84b-b677-4fc8-acdb-b5b972633540;08.01.2018;14:30;MUC;CPT;SA100;ECONOMY
544b7bac-ff0e-429b-ab95-da5e867b33bc;08.01.2018;14:30;MUC;CPT;SA100;ECONOMY
c3d3936d-6c7e-498d-aecf-ae1c75a31ee1;08.01.2018;14:30;MUC;CPT;SA100;ECONOMY
28ad8ed1-dbe9-4d27-8846-0f517674e99e;08.01.2018;14:30;MUC;CPT;SA100;ECONOMY
5ba565d5-0e5a-40c2-985d-20af4305ed1d;08.01.2018;14:30;MUC;CPT;SA100;ECONOMY
0805d911-c9fb-4d00-9254-2f755cf719eb;08.01.2018;14:30;MUC;CPT;SA100;ECONOMY
26dbe2f1-f904-48e5-b257-8dca76e06a57;08.01.2018;14:30;MUC;CPT;SA100;ECONOMY
4193e822-0b25-41dd-8d34-c44b011a6ba3;08.01.2018;14:30;MUC;CPT;SA100;ECONOMY
c5f9daaf-a193-4164-a4c8-f0d750ad3687;08.01.2018;14:30;MUC;CPT;SA100;ECONOMY
f99c2c8d-9cd6-479c-bba1-49aa9f7c1fbd;08.01.2018;14:30;MUC;CPT;SA100;ECONOMY
e34afb76-4f2c-4233-a2a7-52c555264e80;08.01.2018;14:30;MUC;CPT;SA100;ECONOMY
73b52724-cfc5-45bb-ba2c-d8d57cca22a1;08.01.2018;14:30;MUC;CPT;SA100;ECONOMY
56777b8e-21ee-41cd-a8a7-5138a043435f;08.01.2018;14:30;MUC;CPT;SA100;ECONOMY
a5879f28-bed1-4c66-97eb-e4225836ad12;08.01.2018;14:30;MUC;CPT;SA100;ECONOMY
cd859fc3-c4f7-4e29-9f2f-cbff44e90cd7;08.01.2018;14:30;MUC;CPT;SA100;ECONOMY
ad06b4bc-dccf-45e6-8658-30d69fc04efd;08.01.2018;14:30;MUC;CPT;SA100;ECONOMY
3a7d0f68-d9aa-453d-99f7-ea32e17b85cc;08.01.2018;14:30;MUC;CPT;SA100;ECONOMY
68d13322-f262-423a-a686-19936c7f6495;08.01.2018;14:30;MUC;CPT;SA100;ECONOMY
6455f6f6-a45e-47cc-9707-37ac40c95ae0;08.01.2018;14:30;MUC;CPT;SA100;ECONOMY
472969d2-0c6a-426b-b410-d442a190e6f0;08.01.2018;14:30;MUC;CPT;SA100;ECONOMY
d4587d3c-7bb1-4bea-b90e-adab73eb8d83;08.01.2018;14:30;MUC;CPT;SA100;ECONOMY
5560fbdb-bd56-4ef4-bec6-fe495f8c1ab9;08.01.2018;14:30;MUC;CPT;SA100;ECONOMY
2ad7a367-3fb1-47dc-8646-7da95ffdcb77;08.01.2018;14:30;MUC;CPT;SA100;ECONOMY
ce863976-da15-4ded-95a9-a39af9bb5852;08.01.2018;14:30;MUC;CPT;SA100;ECONOMY
f93f2194-b254-4ba2-b15b-ad4ca9cdd8dc;08.01.2018;14:30;MUC;CPT;SA100;ECONOMY
de2e045d-e982-473f-aa1d-068f3bb07e5d;08.01.2018;14:30;MUC;CPT;SA100;ECONOMY
c56a5fcf-ba92-4304-8613-1da44cc32cb8;08.01.2018;14:30;MUC;CPT;SA100;ECONOMY
2fc93691-93d1-4e82-85a2-98d437cacbfe;08.01.2018;14:30;MUC;CPT;SA100;ECONOMY
d687b806-ba9c-4538-9e8b-0c67eb3de3ee;08.01.2018;14:30;MUC;CPT;SA100;ECONOMY
dfe4378b-c21d-4cd1-b6a5-f359b69c3787;08.01.2018;14:30;MUC;CPT;SA100;ECONOMY
c7e6e7d7-3bab-493b-a6c9-baa76e41ab96;08.01.2018;14:30;MUC;CPT;SA100;ECONOMY
682cb65b-99a2-496a-b47a-a37fe43cbec8;08.01.2018;14:30;MUC;CPT;SA100;ECONOMY
97784f65-0f78-46ee-900a-d8da99feda4e;08.01.2018;14:30;MUC;CPT;SA100;ECONOMY
c213b32d-6957-450a-8a7e-f8637d9d55e5;08.01.2018;14:30;MUC;CPT;SA100;ECONOMY
cba240c6-6a43-484d-9263-63611c6727c5;08.01.2018;14:30;MUC;CPT;SA100;ECONOMY
5cda21d8-f242-4e6c-b4cc-bf196488fb94;08.01.2018;14:30;MUC;CPT;SA100;ECONOMY
33eeabca-0761-41fa-86ff-024995de6c75;08.01.2018;14:30;MUC;CPT;SA100;ECONOMY
6f54e6bc-c923-493f-8bb7-50a2cb8ec14f;08.01.2018;14:30;MUC;CPT;SA100;ECONOMY
11d06540-6be5-4386-90d7-05e7f7eda286;08.01.2018;14:30;MUC;CPT;SA100;ECONOMY
71f3ca3b-2894-4712-864e-d10c602f1189;08.01.2018;14:30;MUC;CPT;SA100;ECONOMY
74f17b9b-d9c7-4ba6-a713-3a7b8bec3472;08.01.2018;14:30;MUC;CPT;SA100;ECONOMY
6748bf24-59e6-40d5-9f3a-4b52fc8994b6;08.01.2018;14:30;MUC;CPT;SA100;ECONOMY
1daa4d86-8e9a-4f94-943e-dde3cda9d172;08.01.2018;14:30;MUC;CPT;SA100;ECONOMY
9aae25ce-49ce-4d0a-a1ea-619f0e3f0eb0;08.01.2018;14:30;MUC;CPT;SA100;ECONOMY
1338c7fb-5156-4e6d-b855-465a49c7d914;08.01.2018;14:30;MUC;CPT;SA100;ECONOMY
ec1449fb-3f45-4e42-9b8f-a9a1027bec51;08.01.2018;14:30;MUC;CPT;SA100;ECONOMY
5722b3f9-6de6-47cb-91ad-946fe5aa0024;08.01.2018;14:30;MUC;CPT;SA100;ECONOMY
99e2471a-d502-46f6-ab7b-e78fd5c8e0d8;08.01.2018;14:30;MUC;CPT;SA100;ECONOMY
2ce2fe45-6629-46b3-9e5b-d854e267803b;08.01.2018;14:30;MUC;CPT;SA100;ECONOMY
c1737085-f6de-4df1-8ada-0b3b7df28f3d;08.01.2018;14:30;MUC;CPT;SA100;ECONOMY
8b879fed-cd0b-4b85-8e21-899fbe069979;08.01.2018;14:30;MUC;CPT;SA100;ECONOMY
05c2c063-763f-419f-a2db-b5876c275f7e;08.01.2018;14:30;MUC;CPT;SA100;ECONOMY
0da73aa3-01fb-4406-a6d2-9e3d5a93416a;08.01.2018;14:30;MUC;CPT;SA100;ECONOMY
df81b379-4a9a-4d39-b878-ede8063cd4da;08.01.2018;14:30;MUC;CPT;SA100;ECONOMY
e083f01e-416d-48db-bed3-4378e788898f;08.01.2018;14:30;MUC;CPT;SA100;ECONOMY
d18fb1bd-9659-4307-9591-bb50dac6da97;08.01.2018;14:30;MUC;CPT;SA100;ECONOMY
79c0749f-0489-49c7-af74-1783948c2b5a;08.01.2018;14:30;MUC;CPT;SA100;ECONOMY
a7bf3fdd-c932-461e-8d4b-52d5ddcb7b4c;08.01.2018;14:30;MUC;CPT;SA100;ECONOMY
a996dc48-2483-4e20-ae66-5184cd4f7e35;08.01.2018;14:30;MUC;CPT;SA100;ECONOMY
ba0b5587-6e38-45dd-8372-098e8e57da98;08.01.2018;14:30;MUC;CPT;SA100;ECONOMY
af20983a-c4ef-4cc1-a996-bd028cc75d4b;08.01.2018;14:30;MUC;CPT;SA100;ECONOMY
11c1e12b-e43e-4303-a20b-e8ccb73f36d1;08.01.2018;14:30;MUC;CPT;SA100;ECONOMY
f3ae2cd5-ac34-4e99-bccd-d9d11520a808;08.01.2018;14:30;MUC;CPT;SA100;ECONOMY
3f923a2f-1d32-41c3-8f43-f447ca9c0efc;08.01.2018;14:30;MUC;CPT;SA100;ECONOMY
fa6576a9-fbb4-4f50-ac72-fcf890ddc8e1;08.01.2018;14:30;MUC;CPT;SA100;ECONOMY
55012561-89b4-433a-8fd9-117b0f64d32a;08.01.2018;14:30;MUC;CPT;SA100;ECONOMY
577c3dc8-b50f-4486-bbbe-0977802dd7e9;08.01.2018;14:30;MUC;CPT;SA100;ECONOMY
dcf4ea70-6017-4fa6-bcaf-5c55742c9533;08.01.2018;14:30;MUC;CPT;SA100;ECONOMY
27b53efc-119f-4c7c-874d-fe0572d3d925;08.01.2018;14:30;MUC;CPT;SA100;ECONOMY
1ebd69a9-0d36-4909-b914-9f5fd352ea4d;08.01.2018;14:30;MUC;CPT;SA100;ECONOMY
fb682ddd-76fd-4a91-9043-b2ec382fb216;08.01.2018;14:30;MUC;CPT;SA100;ECONOMY
9d2210ff-01ee-4543-8b8f-3c15e46cc355;08.01.2018;14:30;MUC;CPT;SA100;ECONOMY
ab67308a-889e-448e-ada3-0d64f4833a7d;08.01.2018;14:30;MUC;CPT;SA100;ECONOMY
e1bd4586-7896-4557-a313-9a9c3caabe18;08.01.2018;14:30;MUC;CPT;SA100;ECONOMY
824d3f37-8b38-44b1-8c67-a8a22a82ff40;08.01.2018;14:30;MUC;CPT;SA100;ECONOMY
c9ff4faf-4876-4122-9cec-ddb7d662f819;08.01.2018;14:30;MUC;CPT;SA100;ECONOMY
3ecbf669-e707-4b76-be48-5191c1b27048;08.01.2018;14:30;MUC;CPT;SA100;ECONOMY
8d3b3f82-8680-404a-a8c2-3bef9b8d76d6;08.01.2018;14:30;MUC;CPT;SA100;ECONOMY
7e4121ca-53b3-46ae-90a8-a3f21b18bf8b;08.01.2018;14:30;MUC;CPT;SA100;ECONOMY
f8ce22c7-be7a-49ae-8095-f5e79b7d0e02;08.01.2018;14:30;MUC;CPT;SA100;ECONOMY
d63dbbc6-b8f1-4b80-ae5a-6e3111a3da3c;08.01.2018;14:30;MUC;CPT;SA100;ECONOMY
c0014b6f-8a5a-4234-b142-36782f1ae2ea;08.01.2018;14:30;MUC;CPT;SA100;ECONOMY
243b3b3d-61dc-484c-ad0b-9a7378ed70af;08.01.2018;14:30;MUC;CPT;SA100;ECONOMY
e8d2ac18-3eab-442c-9e5d-51ca1320255a;08.01.2018;14:30;MUC;CPT;SA100;ECONOMY
8e157a20-a467-4fa6-ac1f-7671d0d1b33b;08.01.2018;14:30;MUC;CPT;SA100;ECONOMY
8ba5bd61-06b1-41df-850f-8653d6a3003c;08.01.2018;14:30;MUC;CPT;SA100;ECONOMY
9e1cc001-ae9c-40e2-931d-60f8ff3fac6d;08.01.2018;14:30;MUC;CPT;SA100;ECONOMY
5bbc23da-1537-405e-92e9-fcb425d87904;08.01.2018;14:30;MUC;CPT;SA100;ECONOMY
5878e9da-3fed-4ff8-b036-f7e4f8253e50;08.01.2018;14:30;MUC;CPT;SA100;ECONOMY
03a0e1aa-dd3c-46d7-85b6-21666fd75336;08.01.2018;14:30;MUC;CPT;SA100;ECONOMY
d3da21bf-aacd-4217-b3f0-3cf3d1163044;08.01.2018;14:30;MUC;CPT;SA100;ECONOMY
5b6ea1d2-57b5-4ae4-a220-e7c641a6de1d;08.01.2018;14:30;MUC;CPT;SA100;ECONOMY
6d46adba-1dfa-4fbe-810a-56231958bd54;08.01.2018;14:30;MUC;CPT;SA100;ECONOMY
32958733-e852-4afd-a573-8a67c02172d2;08.01.2018;14:30;MUC;CPT;SA100;ECONOMY
fb75aa26-a33b-4457-90ff-45af77cca647;08.01.2018;14:30;MUC;CPT;SA100;ECONOMY
b81e6061-30e6-41f1-bedc-6b8d721b4861;08.01.2018;14:30;MUC;CPT;SA100;ECONOMY
30eb15f8-28f4-43f6-b1c1-7b80f6dae775;08.01.2018;14:30;MUC;CPT;SA100;ECONOMY
9bc1c396-bbba-4409-9361-e2751a1eb109;08.01.2018;14:30;MUC;CPT;SA100;ECONOMY
b2520ee1-31d3-49f8-aad9-79426476fa3c;08.01.2018;14:30;MUC;CPT;SA100;ECONOMY
6e383d86-59d5-468e-bd7d-f8b4a1ac9292;08.01.2018;14:30;MUC;CPT;SA100;ECONOMY
a50e8af5-91dd-4cbe-8864-edbe22feae73;08.01.2018;14:30;MUC;CPT;SA100;ECONOMY
d35f14bb-9fac-4344-9fea-e6a93ee50e5f;08.01.2018;14:30;MUC;CPT;SA100;ECONOMY
b2aeedb6-ce98-4888-8f26-472f69a69273;08.01.2018;14:30;MUC;CPT;SA100;ECONOMY
75507e05-1816-4611-97d0-2fe094863f7f;08.01.2018;14:30;MUC;CPT;SA100;ECONOMY
e730650a-95f2-436f-b9e0-75f88a30961c;08.01.2018;14:30;MUC;CPT;SA100;ECONOMY
d53383b0-b5d9-4a7c-8ac8-35e0beecc442;08.01.2018;14:30;MUC;CPT;SA100;ECONOMY
c33c1029-3b0f-47a9-a4ba-c760741434c6;08.01.2018;14:30;MUC;CPT;SA100;ECONOMY
2416cfbb-fef3-4337-9a79-a6d85eb6c2c1;08.01.2018;14:30;MUC;CPT;SA100;ECONOMY
f38a0220-5fe0-439f-95d3-313c683344f7;08.01.2018;14:30;MUC;CPT;SA100;ECONOMY
116baf74-cb6b-41e6-b841-e60cd3f2f21c;08.01.2018;14:30;MUC;CPT;SA100;ECONOMY
bf2691df-45d9-46b7-b976-56c4307929cf;08.01.2018;14:30;MUC;CPT;SA100;ECONOMY
065b68a0-94cf-4a25-9a7d-51bcea1f0a1c;08.01.2018;14:30;MUC;CPT;SA100;ECONOMY
f986aede-f029-4b86-bc5d-ecc706261a99;08.01.2018;14:30;MUC;CPT;SA100;ECONOMY
668e7a96-74f1-4011-9769-0408fd24811c;08.01.2018;14:30;MUC;CPT;SA100;ECONOMY
